X,Y,OBJECTID,CECPlantID,PlantName,County,Capacity_Latest,StartDate
-119.567892971,36.137169611,1865,S0335,Corcoran 2 Solar LLC CED,Kings,19.8,2015/06/10 00:00:00+00
-119.579712248,36.144318942,1866,S0520,Corcoran 3 Solar,Kings,20.0,2016/02/11 00:00:00+00
-119.128325036,36.2662977900001,1869,S0608,Exeter Solar,Tulare,3.5,2014/02/12 00:00:00+00
-119.133999715,36.211778205,1870,S0609,Lindsay Solar,Tulare,4.0,2014/01/15 00:00:00+00
-119.039943647,36.1037174300001,1871,S9325,ImModo California 1 LLC_(East Orosi 1),Tulare,1.5,2013/12/31 00:00:00+00
-119.038789671,36.1016196,1872,S9326,ImModo California 1 LLC_(East Orosi 2),Tulare,1.5,2013/12/31 00:00:00+00
-119.037347202,36.0997336240001,1873,S9327,ImModo California 1 LLC_(East Orosi 3),Tulare,1.5,2013/12/31 00:00:00+00
-119.03967096,36.1027803650001,1874,S0151,Porterville Solar,Tulare,3.5,2014/01/13 00:00:00+00
-119.036763845,36.0988212250001,1875,S0518,Sequoia PV3,Tulare,3.0,2014/08/01 00:00:00+00
-121.369453077,36.4722828210001,1879,S9163,CA Dept of Correctionns Salinas (SVSP),Monterey,2.0,2013/01/01 00:00:00+00
-120.342306547,36.4234282940001,1882,S0176,Cantua Solar Station,Fresno,20.0,2012/06/19 00:00:00+00
-120.242765264,36.396683244,1883,S0458,Buford Five Points Solar Park (Excelsior),Fresno,60.0,2016/08/23 00:00:00+00
-120.125500599,36.377686243,1884,S0138,Westside Solar Station,Fresno,20.0,2010/08/31 00:00:00+00
-120.107507216,36.3950065870001,1885,S0140,Five Points Solar Station,Fresno,15.0,2011/10/24 00:00:00+00
-120.136150994,36.3817484320001,1886,S0563,Westside Solar LLC,Fresno,20.0,2017/03/08 00:00:00+00
-120.136326598,36.3750812120001,1887,S0564,Whitney Point Solar LLC,Fresno,20.0,2017/04/14 00:00:00+00
-119.741843909,36.403326427,1888,S9018,Warmer Packing LLC,Kings,1.0,2012/01/01 00:00:00+00
-119.630804612,36.3064720150001,1889,S0517,Sequoia PV2,Tulare,3.0,2014/08/29 00:00:00+00
-119.60868408,36.471758907,1890,S9033,Jackson Michael,Fresno,1.0,2012/01/01 00:00:00+00
-119.61294115,36.467041904,1891,S9076,George Jackson,Fresno,1.0,2012/01/01 00:00:00+00
-119.40077663,36.3544619520001,1892,S0222,RE North Face,Tulare,1.0,2009/04/01 00:00:00+00
-119.348656701,36.3059959500001,1893,S0633,Visalia USD El Diamante HS,Tulare,1.01,2017/05/25 00:00:00+00
-119.345838982,36.472249429,1894,S9038,Beret & Kees Jan De Jong,Tulare,1.0,2012/01/01 00:00:00+00
-119.255181313,36.3873530660001,1897,S0348,Ivanhoe Solar,Tulare,3.5,2014/01/17 00:00:00+00
-119.213900818,36.318379355,1898,S0516,Farmersville (Formerly Sequoia PV1),Tulare,12.0,2019/01/01 00:00:00+00
-119.213239684,36.3185481740001,1899,S0693,Tulare (Formerly Sequoia PV1),Tulare,3.0,2019/01/01 00:00:00+00
-121.789048226,36.6477504640001,1904,S9028,CSU Monterey Bay - PV,Monterey,1.0,2012/01/01 00:00:00+00
-121.913274262,36.57971873,1905,S9063,Community Hospital of Monterey Peninsula,Monterey,1.0,2012/01/01 00:00:00+00
-121.647127237,36.6594173770001,1906,S9071,Salinas Valley Memorial Hospital,Monterey,1.0,2012/01/01 00:00:00+00
-121.434017923,36.5033540410001,1907,S9040,Wines US Inc. Constellation,Monterey,1.0,2012/01/01 00:00:00+00
-120.888185545,36.6312738190001,1910,S0635,Panoche Valley Solar,San Benito,140.0,2017/12/29 00:00:00+00
-120.339147058,36.5534762610001,1915,S0588,Buford Giffen Solar,Fresno,20.0,2017/06/16 00:00:00+00
-120.313610438,36.5296086700001,1916,S0178,Giffen Solar Station,Fresno,10.0,2012/06/30 00:00:00+00
-120.385045904,36.6155305620001,1917,S0312,Adams East  LLC,Fresno,19.0,2014/12/01 00:00:00+00
-120.400614487,36.5779859290001,1918,S0526,Tranquillity LLC,Fresno,200.0,2016/07/28 00:00:00+00
-120.345299617,36.5483346980001,1919,S0605,Giffen Solar Park LLC,Fresno,20.0,2017/05/22 00:00:00+00
-120.345451239,36.548366554,1920,S0616,Aspiration Solar,Fresno,9.0,2017/09/13 00:00:00+00
-120.383269626,36.578348127,1921,S0653,Great Valley Solar Portfolio (Tranquillity 8),Fresno,200.0,2017/12/26 00:00:00+00
-120.123022103,36.523913646,1923,S0139,Stroud Solar Station,Fresno,20.0,2011/10/26 00:00:00+00
-120.101740941,36.616061712,1924,S0425,Fresno Solar South,Fresno,1.5,2015/10/01 00:00:00+00
-120.104472915,36.6170036730001,1925,S0426,Fresno Solar West,Fresno,1.5,2015/10/01 00:00:00+00
-120.149463504,36.5255442980001,1926,S0654,Summer Wheat,San Joaquin,18.5,2018/12/10 00:00:00+00
-119.922119476,36.672102812,1928,S9012,Golden State Vintners,Fresno,1.0,2012/01/01 00:00:00+00
-119.752441316,36.613493061,1929,S9085,Fowler Packing Company Inc.,Fresno,1.0,2012/01/01 00:00:00+00
-119.753949936,36.6134577290001,1930,S9086,Fowler Packing Company Inc.,Fresno,1.0,2012/01/01 00:00:00+00
-119.523353703,36.6117348940001,1931,S9034,Maxco Supply Inc.,Fresno,1.0,2012/01/01 00:00:00+00
-119.571910513,36.546170837,1932,S9181,Kingsburg Solar (1 & 2),Fresno,3.7,2013/12/01 00:00:00+00
-119.573446175,36.6544402690001,1933,S9190,Pristine Sun Fund 10 Fresno PGE LLC_(2102_Christensen),Fresno,1.0,2013/12/31 00:00:00+00
-119.313767406,36.54122095,1935,S9320,ImModo California 1 LLC_(Alta 1),Tulare,1.5,2013/12/31 00:00:00+00
-119.313767406,36.54122095,1936,S9321,ImModo California 1 LLC_(Alta 3),Tulare,1.5,2013/12/31 00:00:00+00
-119.313767406,36.54122095,1937,S9322,ImModo California 1 LLC_(Alta 4),Tulare,1.5,2013/12/31 00:00:00+00
-119.313767406,36.54122095,1938,S9323,ImModo California 1 LLC_(Alta 5),Tulare,1.5,2013/12/31 00:00:00+00
-119.313767406,36.54122095,1939,S9324,ImModo California 1 LLC_(Alta 6),Tulare,1.5,2013/12/31 00:00:00+00
-119.415532971,36.668115227,1940,S0302,Terzian,Fresno,1.25,2014/05/01 00:00:00+00
-119.398281255,36.5398599230001,1941,S9000,Ruiz Foods,Tulare,1.0,2012/01/01 00:00:00+00
-119.426103789,36.538392451,1942,S9060,City of Dinuba,Tulare,1.0,2012/01/01 00:00:00+00
-121.768872255,36.7081838940001,1945,S0621,Monterey Regional Water Pollution Control Agency,Monterey,1.12,2010/12/21 00:00:00+00
-121.801017019,36.6933029950001,1946,S9042,Pollution Control Monterey Reg'l Water,Monterey,1.0,2012/01/01 00:00:00+00
-121.404176735,36.832903576,1952,S0304,San Benito Smart Park,San Benito,2.0,2014/05/31 00:00:00+00
-121.403848454,36.8313007190001,1953,S0387,Enerparc CA1 LLC,San Benito,1.5,2014/06/16 00:00:00+00
-121.429022177,36.863313525,1954,S0428,Hollister Solar,San Benito,1.5,2015/04/01 00:00:00+00
-121.445915077,36.8571762650001,1955,S9061,City of Hollister,San Benito,1.0,2012/01/01 00:00:00+00
-120.417627804,36.7302432220001,1956,S0341,North Star Solar,Fresno,61.6,2015/06/19 00:00:00+00
-120.429779789,36.721892585,1957,S0423,Citizen Solar B,Fresno,5.0,2015/11/24 00:00:00+00
-120.365876923,36.760473635,1958,S0121,CalRENEW-1,Fresno,5.0,2010/04/09 00:00:00+00
-120.399442319,36.7171775520001,1961,S0703,Little Bear Solar 1,Fresno,40.0,2020/12/16 00:00:00+00
-120.392966413,36.7165478490001,1962,S0704,Little Bear Solar 3,Fresno,20.0,2020/12/14 00:00:00+00
-120.410069442,36.7172449670001,1963,S0705,Little Bear Solar 4,Fresno,50.0,2020/12/14 00:00:00+00
-120.400031419,36.7115221130001,1964,S0706,Little Bear Solar 5,Fresno,50.0,2020/12/16 00:00:00+00
-119.797523132,36.678533922,1965,S0179,La Joya Del Sol,Fresno,1.5,2012/10/31 00:00:00+00
-119.680396706,36.8162553500001,1966,S0658,Clovis USD High School,Fresno,1.01,2018/06/14 00:00:00+00
-119.688356081,36.7764350240001,1967,S9014,Grundfos Pumps,Fresno,1.0,2012/01/01 00:00:00+00
-119.713208662,36.7837356950001,1968,S9020,The Gap Inc,Fresno,1.0,2012/01/01 00:00:00+00
-119.741644964,36.810157578,1969,S9026,CA State University Fresno,Fresno,1.0,2012/01/01 00:00:00+00
-119.697855075,36.763876898,1970,S9056,E&J Gallo Winery,Fresno,1.0,2012/01/01 00:00:00+00
-119.846220229,36.83863512,1971,S9126,Olam West Coast,Fresno,1.4,2012/01/01 00:00:00+00
-119.71163958,36.839120361,1972,S9143,Wawona Frozen Foods / Alluvial Project,Fresno,2.2,2012/01/01 00:00:00+00
-119.753419059,36.7155983910001,1973,S9144,Wawona Frozen Foods / Cedar Project,Fresno,2.2,2012/01/01 00:00:00+00
-119.710064689,36.7676541010001,1974,S9145,City of Fresno - Fresno Yosemite Airport,Fresno,2.3,2012/01/01 00:00:00+00
-119.576875626,36.7001275850001,1978,S0632,Sanger USD Sanger High School,Fresno,1.07,2017/01/27 00:00:00+00
-119.637783894,36.7986268240001,1979,S0659,Clovis USD East High School,Fresno,1.01,2018/04/15 00:00:00+00
-122.030806092,36.9617336860001,1982,S9124,City of Santa Cruz Wastewater Treatment Plant,Santa Cruz,1.3,2012/01/01 00:00:00+00
-121.090244594,36.9745403900001,1991,S0691,Wright Solar,Merced,200.0,2020/01/03 00:00:00+00
-120.805777882,36.928462316,1992,S0337,Vega Solar,Merced,20.0,2015/03/24 00:00:00+00
-120.870989705,36.979871003,1993,S9046,Almond Process Parreira,Merced,1.0,2012/01/01 00:00:00+00
-120.669510307,36.878518141,1994,S0586,CED Oro Loma 1 & 2,Fresno,20.0,2017/01/26 00:00:00+00
-120.156731307,36.940759364,1995,S9048,City of Madera,Madera,1.0,2012/01/01 00:00:00+00
-120.046193705,36.941373506,1996,S9059,Madera Community Hospital,Madera,1.0,2012/01/01 00:00:00+00
-121.635382698,37.149066286,2008,S9041,Unified School District Morgan Hill,Santa Clara,1.0,2012/01/01 00:00:00+00
-121.047657777,37.1193311170001,2011,S0443,Quinto Solar PV Project,Merced,108.0,2015/11/25 00:00:00+00
-120.958701524,37.149800398,2012,S9050,Ingomar Packing Co.,Merced,1.0,2012/01/01 00:00:00+00
-120.648537663,37.058274452,2013,S0437,"Sun Harvest Solar NDP1
",Merced,1.5,2015/05/01 00:00:00+00
-120.323966958,37.1210424110001,2016,S0421,Adera Solar,Madera,20.0,2015/12/01 00:00:00+00
-120.151319158,37.088190506,2018,S9164,CA Dept of Corrections Chowchilla,Madera,3.0,2013/01/01 00:00:00+00
-122.124738272,37.363142182,2034,S9135,Foothill - De Anza Community College District,Santa Clara,1.6,2012/01/01 00:00:00+00
-122.13028867,37.363691778,2035,S9136,Foothill College - Pv Capstone,Santa Clara,1.7,2012/01/01 00:00:00+00
-122.084042573,37.4224406000001,2038,S9005,Google Inc.,Santa Clara,1.0,2012/01/01 00:00:00+00
-122.084477354,37.421448243,2039,S9031,Google Inc.,Santa Clara,1.0,2012/01/01 00:00:00+00
-122.012828278,37.264294932,2040,S9058,West Valley Mission Community College,Santa Clara,1.0,2012/01/01 00:00:00+00
-122.026109471,37.4151352000001,2041,S9069,Network Appliance/Chevron Energy Solutions,Santa Clara,1.0,2012/01/01 00:00:00+00
-122.004472783,37.3800203980001,2042,S9075,Applied Materials Inc.,Santa Clara,1.0,2012/01/01 00:00:00+00
-121.980687106,37.4113706040001,2043,S9081,Ohlone Community College District,Santa Clara,1.0,2012/01/01 00:00:00+00
-122.026155235,37.4159534030001,2044,S9128,Network Appliance,Santa Clara,1.4,2012/01/01 00:00:00+00
-122.034920994,37.422607355,2045,S9134,City of Sunnyvale Wastewater Treatment Plant,Santa Clara,1.6,2012/01/01 00:00:00+00
-121.999202647,37.386570836,2046,S9149,Advanced Micro Decives,Santa Clara,3.0,2012/01/01 00:00:00+00
-122.005547408,37.3774795080001,2047,S9151,Spansion LLC,Santa Clara,3.0,2012/01/01 00:00:00+00
-121.922534899,37.365103645,2056,S9047,Airport Division City of San Jose,Santa Clara,1.0,2012/01/01 00:00:00+00
-121.861618515,37.3178579070001,2057,S9094,City of San Jose,Santa Clara,1.0,2012/01/01 00:00:00+00
-121.921689508,37.3804411720001,2058,S9095,City of Santa Clara,Santa Clara,1.0,2012/01/01 00:00:00+00
-121.922541868,37.38105976,2059,S9101,County of Santa Clara,Santa Clara,1.0,2012/01/01 00:00:00+00
-121.921820803,37.3810449640001,2060,S9103,County of Santa Clara,Santa Clara,1.1,2012/01/01 00:00:00+00
-121.859143996,37.3662304320001,2061,S9112,Independence HS,Santa Clara,1.2,2012/01/01 00:00:00+00
-121.765924985,37.3039200470001,2062,S9127,San Jose Evergreen Community College,Santa Clara,1.4,2012/01/01 00:00:00+00
-121.915738831,37.3674013310001,2063,S9172,Gridley Main Two,Santa Clara,2.5,2013/04/01 00:00:00+00
-121.149083094,37.3677966720001,2068,S0459,Frontier Solar LLC (Crow Creek),Stanislaus,20.0,2016/06/07 00:00:00+00
-120.810810964,37.376426585,2070,S9035,E & J Gallo Winery,Merced,1.0,2012/01/01 00:00:00+00
-120.484431139,37.267772961,2074,S0429,Merced Solar,Merced,1.5,2015/04/01 00:00:00+00
-120.48248714,37.267772961,2075,S0430,Mission Solar,Merced,1.5,2015/04/01 00:00:00+00
-120.600496211,37.360275652,2076,S9090,City of Atwater,Merced,1.0,2012/01/01 00:00:00+00
-120.507439706,37.351101897,2077,S9267,Pristine Sun Fund 10 Fresno PGE LLC_(2097_Helton),Merced,1.5,2015/05/01 00:00:00+00
-120.414485651,37.362686619,2078,S9029,UC Merced,Merced,1.0,2012/01/01 00:00:00+00
-122.00945318,37.5921700530001,2093,S9104,JATCO,Alameda,1.1,2012/01/01 00:00:00+00
-121.962635935,37.504667118,2094,S9121,Alameda Water District,Alameda,1.3,2012/01/01 00:00:00+00
-122.483486484,37.750887698,2115,S0123,Sunset Reservoir North Basin Solar,San Francisco,4.5,2010/11/01 00:00:00+00
-122.396299165,37.7911691800001,2116,S9064,Fremont Group  50 Beale/DG Cogen Partners LLC,San Francisco,1.0,2012/01/01 00:00:00+00
-122.400787124,37.7893166200001,2117,S9068,Market & Second Inc/Real Energy,San Francisco,1.0,2012/01/01 00:00:00+00
-122.396601009,37.7914460100001,2118,S9113,Fremont Group Inc.  50 Beale/DG Cogen Partners LLC,San Francisco,1.2,2012/01/01 00:00:00+00
-122.477043562,37.7275309520001,2119,S9119,San Francisco State University,San Francisco,1.2,2012/01/01 00:00:00+00
-122.394256139,37.7972399010001,2120,S9131,Equity Office Property,San Francisco,1.5,2012/01/01 00:00:00+00
-122.450456326,37.7765740660001,2121,S9138,University of San Francisco,San Francisco,2.0,2012/01/01 00:00:00+00
-122.391814456,37.741796134,2122,S9140,Southeast Wastwater Treatment Plant/CCSF,San Francisco,2.0,2012/01/01 00:00:00+00
-122.300522644,37.8045444300001,2128,S9030,Port of Oakland,Alameda,1.0,2012/01/01 00:00:00+00
-122.161123816,37.7908860480001,2129,S9043,Peralta Community College Dist,Alameda,1.0,2012/01/01 00:00:00+00
-122.150410704,37.711981049,2130,S9066,Ghiradelli Chocolate,Alameda,1.0,2012/01/01 00:00:00+00
-122.153133385,37.664991366,2131,S9133,Oro Loma Sanitary District,Alameda,1.5,2012/01/01 00:00:00+00
-121.964752327,37.768075278,2135,S9025,AT&T Services Inc.,Contra Costa,1.0,2012/01/01 00:00:00+00
-121.964572307,37.765931396,2136,S9073,AT&T San Ramon (PV)/AT&T Services Inc,Contra Costa,1.0,2012/01/01 00:00:00+00
-121.798596593,37.7130121550001,2137,S9039,Community College District Chabot Las Positas,Alameda,1.0,2012/01/01 00:00:00+00
-121.889800142,37.712771962,2138,S9083,Carl Zeiss Meditec Inc.,Alameda,1.0,2012/01/01 00:00:00+00
-121.927077179,37.706287295,2139,S9123,Chabot - Las Positas Community College,Alameda,1.3,2012/01/01 00:00:00+00
-121.794929582,37.7122126100001,2140,S9146,Chabot Las Positas Community College District,Alameda,2.3,2012/01/01 00:00:00+00
-121.715500802,37.7061138650001,2143,S0220,RE Mohican,Alameda,1.0,2010/09/01 00:00:00+00
-121.717446746,37.6915041180001,2144,S0619,Whitehorn Solar LLC,Alameda,3.3,2016/02/18 00:00:00+00
-121.716626832,37.707901602,2145,S9049,Health Plan Inc. Kaiser Foundation,Alameda,1.0,2012/01/01 00:00:00+00
-120.99097578,37.736255204,2176,S0180,McHenry Solar Plant,Stanislaus,25.5,2012/07/20 00:00:00+00
-118.94340007,37.6401679260001,2188,S9201,Garces (Oswell A),Kern,1.5,2015/12/31 00:00:00+00
-122.377883265,37.945617752,2192,S0665,MCE Richmond Solar PV Project,Contra Costa,10.5,2017/12/22 00:00:00+00
-122.385343621,37.931168997,2193,S9065,General Chemical Corp/Chevron Energy Solutions,Contra Costa,1.0,2012/01/01 00:00:00+00
-122.379636005,37.9669984180001,2194,S9093,Wastewater District West County,Contra Costa,1.0,2012/01/01 00:00:00+00
-122.491480204,37.9553952480001,2195,S9130,Central Marin Sanitation Agency,Marin,1.5,2012/01/01 00:00:00+00
-122.123144247,37.8943652780001,2198,S0662,BART Lafayette,Contra Costa,1.01,2018/09/12 00:00:00+00
-122.0737178,37.966493411,2202,S9016,College District Contra Costa Community 1,Contra Costa,1.0,2012/01/01 00:00:00+00
-122.070086663,37.9672869990001,2203,S9117,Contra Costa Community College - DVC,Contra Costa,1.2,2012/01/01 00:00:00+00
-122.060520132,37.9043539200001,2204,S9142,AT&T Services  Inc.,Contra Costa,2.1,2012/01/01 00:00:00+00
-121.748443069,38.0023144200001,2206,S9170,Oakley Solar Project,Contra Costa,1.5,2013/08/01 00:00:00+00
-121.215094778,37.840180623,2208,S0644,Manteca Land 1,San Joaquin,1.0,2017/12/28 00:00:00+00
-121.273517929,37.824719085,2209,S9062,California Natural Products,San Joaquin,1.0,2012/01/01 00:00:00+00
-121.326259685,37.93488038,2210,S9150,Stockton Delta Water Supply Project,San Joaquin,3.0,2012/01/01 00:00:00+00
-121.090124048,37.926610682,2216,S9289,Foothill Farmington 2MW PV Project (2) (2012 PV RFO - 1),San Joaquin,2.0,2014/12/31 00:00:00+00
-120.894938677,37.858009312,2219,S0120,Robert O. Schulz Solar Farm #1 and #2,Stanislaus,1.37,2009/05/01 00:00:00+00
-120.895252356,37.8592012560001,2220,S9122,Irrigation District South San Joaquin,Stanislaus,1.3,2012/01/01 00:00:00+00
-120.526379068,37.89079632,2223,S9175,Fresh Air Energy IV - Sonora 1,Tuolumne,1.5,2013/12/01 00:00:00+00
-122.56516651,38.1255491810001,2230,S0528,Cottonwood Carport Solar,Marin,1.0,2016/05/16 00:00:00+00
-122.232501563,38.1405982750001,2233,S0695,SFDK Solar,Solano,6.33,2019/12/27 00:00:00+00
-122.248711512,38.1259384460001,2234,S9037,Health Plan Inc. Kaiser Foundation,Solano,1.0,2012/01/01 00:00:00+00
-122.251302762,38.096065476,2235,S9115,Vallejo Sanitation and Flood Control District,Solano,1.2,2012/01/01 00:00:00+00
-121.863846164,38.0194949950001,2250,S0343,Columbia Solar Energy LLC,Contra Costa,19.0,2015/08/01 00:00:00+00
-121.859536985,38.004548905,2251,S9017,College District Contra Costa Community 2,Contra Costa,1.0,2012/01/01 00:00:00+00
-121.86239922,38.004312262,2252,S9118,Contra Costa Community College - Los Medanos,Contra Costa,1.2,2012/01/01 00:00:00+00
-121.14921855,38.135628307,2276,S0303,Bear Creek Solar,San Joaquin,1.5,2014/01/01 00:00:00+00
-121.149276258,38.136382601,2277,S9290,Ecos Energy   LLC_(Bear Creek Solar Project),San Joaquin,1.5,2013/12/31 00:00:00+00
-120.539562071,38.0723946960001,2282,S9137,Angels PH  Utica Power Authority,Calaveras,1.8,2012/01/01 00:00:00+00
-123.034953261,38.31909926,2289,S9109,U.S. Coast Guard,Sonoma,1.1,2012/01/01 00:00:00+00
-122.679239242,38.323232391,2294,S9024,Codding Enterprises,Sonoma,1.0,2012/01/01 00:00:00+00
-122.68136623,38.3234803510001,2295,S9057,Codding Enterprises Ltd Partnership,Sonoma,1.0,2012/01/01 00:00:00+00
-122.578272704,38.251551029,2296,S9307,Petaluma Solar Millennium Fund LLC_(Petaluma Solar #1101),Sonoma,1.5,2013/12/31 00:00:00+00
-122.578272704,38.251551029,2297,S9308,Petaluma Solar Millennium Fund LLC_(Petaluma Solar #1102),Sonoma,1.5,2013/12/31 00:00:00+00
-122.457914579,38.280813085,2298,S9125,County of Sonoma,Sonoma,1.3,2012/01/01 00:00:00+00
-122.278937243,38.2726063150001,2299,S9023,Napa Valley College,Napa,1.0,2012/01/01 00:00:00+00
-122.276964618,38.190916433,2300,S9070,Pokka Bottling,Napa,1.0,2012/01/01 00:00:00+00
-122.15707565,38.20435982,2301,S9132,Mid Valley Dairy,Solano,1.5,2012/01/01 00:00:00+00
-122.093236662,38.2315836710001,2304,S0362,Fairfield-Suisun Sewer District - WTP,Solano,1.0,2009/12/23 00:00:00+00
-121.965172981,38.3009389040001,2305,S0414,North Bay Solar 1,Solano,1.0,2013/08/01 00:00:00+00
-122.093326508,38.2323079980001,2306,S9074,Anheuser Busch Fairfield  PV Phase/Anheuser Busch,Solano,1.0,2012/01/01 00:00:00+00
-122.093242633,38.231839414,2307,S9148,ANHEUSER BUSCH INC,Solano,1.0,2012/01/01 00:00:00+00
-121.982565154,38.3258857530001,2308,S9162,CA Dept of Corrections Solano (CSPS),Solano,1.0,2013/01/01 00:00:00+00
-121.994093005,38.351586991,2309,S9303,GASNA 27P (GASNA 27P) - RAM 2,Solano,14.0,2014/12/31 00:00:00+00
-121.921792794,38.3291619730001,2317,S9304,Vaca Solar Millenium Fund LLC (Vaca Solar #100),Solano,1.5,2013/12/31 00:00:00+00
-121.431278083,38.3388701860001,2319,S0154,Point Pleasant (Lawrence Solar Farm),Sacramento,1.0,2011/12/30 00:00:00+00
-121.413170835,38.3656832240001,2320,S0156,Grundman-Wilkinson Solar Farm (Bruceville Road),Sacramento,18.0,2011/12/28 00:00:00+00
-121.461809265,38.283461398,2321,S0203,Green Acres Solar Facility 2,Sacramento,1.0,2012/09/01 00:00:00+00
-121.465772435,38.282306449,2322,S0204,Green Acres Solar Facility 1,Sacramento,3.0,2012/09/01 00:00:00+00
-121.387550536,38.3636556550001,2323,S0205,RE Kammerer Road 1,Sacramento,6.65,2012/01/01 00:00:00+00
-121.383446006,38.363681478,2324,S0206,RE Kammerer Road 2,Sacramento,6.65,2012/01/01 00:00:00+00
-121.38226899,38.360928605,2325,S0207,RE Kammerer Road 3,Sacramento,6.65,2012/01/01 00:00:00+00
-121.414580064,38.34896286,2326,S0284,RE Bruceville Solar 1,Sacramento,6.65,2012/01/01 00:00:00+00
-121.414970124,38.346708694,2327,S0285,RE Bruceville Solar 2,Sacramento,6.65,2012/01/01 00:00:00+00
-121.409945687,38.3476304860001,2328,S0286,RE Bruceville Solar 3,Sacramento,6.65,2012/01/01 00:00:00+00
-121.337797027,38.2380029820001,2329,S0155,Kost (Fleshman Solar Farm),Sacramento,3.0,2011/11/19 00:00:00+00
-121.278976662,38.253740878,2330,S0157,Boessow (Van Connett Solar Farm),Sacramento,3.0,2011/12/20 00:00:00+00
-121.294970581,38.309117767,2331,S0211,RE McKenzie 1,Sacramento,5.0,2012/01/01 00:00:00+00
-121.291795543,38.3105140260001,2332,S0212,RE McKenzie 2,Sacramento,5.0,2012/01/01 00:00:00+00
-121.291632167,38.307117218,2333,S0213,RE McKenzie 3,Sacramento,5.0,2012/01/01 00:00:00+00
-121.293386062,38.3041058110001,2334,S0214,RE McKenzie 4,Sacramento,5.0,2012/01/01 00:00:00+00
-121.287330603,38.30556728,2335,S0215,RE McKenzie 5,Sacramento,5.0,2012/01/01 00:00:00+00
-121.283482277,38.3054382440001,2336,S0216,RE McKenzie 6,Sacramento,5.0,2012/01/01 00:00:00+00
-121.114481223,38.339851837,2338,S0602,Rancho Seco Solar,Sacramento,10.9,2016/08/11 00:00:00+00
-121.118572753,38.343777743,2341,S0701,Rancho Seco Solar II,Sacramento,160.0,2020/12/01 00:00:00+00
-122.750193257,38.493705956,2351,S9309,Chalk Hill Solar Project  LLC_(CHSP),Sonoma,0.3,2013/12/31 00:00:00+00
-121.994667513,38.521598496,2354,S9404,Putah Creek Solar Farm,Yolo,2.0,2014/12/01 00:00:00+00
-121.945487068,38.388085034,2355,S0630,Genentech Inc. - Vacaville,Solano,7.9,2017/05/08 00:00:00+00
-121.964323112,38.4002311290001,2356,S9006,Alza Corporation (700 Eubanks),Solano,1.0,2012/01/01 00:00:00+00
-121.950908291,38.4069824110001,2357,S9009,Mariani Packing Co. Inc.,Solano,1.0,2012/01/01 00:00:00+00
-121.962817133,38.38849893,2358,S9100,Norvartis Pharmaceuticals Corp,Solano,1.0,2012/01/01 00:00:00+00
-121.926421943,38.4107340140001,2360,S0110,Vaca Dixon Solar Station,Solano,2.0,2009/12/22 00:00:00+00
-121.820544435,38.4205507680001,2361,S9108,Superior Packing Co.,Solano,1.1,2012/01/01 00:00:00+00
-121.694432157,38.5015392380001,2363,S0310,Grasslands EPWF,Yolo,2.5,2013/07/01 00:00:00+00
-121.692346354,38.5015992140001,2364,S0311,Grasslands RES-BCT,Yolo,2.5,2013/07/01 00:00:00+00
-121.466142355,38.4361962680001,2366,S0660,Sacramento Regional County Sanitation District,Sacramento,3.73,2018/01/26 00:00:00+00
-121.392382106,38.487410406,2367,S9092,Siemens Industry Inc.,Sacramento,1.0,2012/01/01 00:00:00+00
-121.405788425,38.542875075,2368,S9102,Granite Construction Company,Sacramento,1.1,2012/01/01 00:00:00+00
-121.475608216,38.516754013,2369,S9139,Campbell Soup Supply Company LLC,Sacramento,2.0,2012/01/01 00:00:00+00
-121.401387008,38.5153539680001,2370,S9147,U.S. National Leasing LLC_(Depot Park),Sacramento,3.0,2012/01/01 00:00:00+00
-121.354054246,38.5051767420001,2374,S0090,Hedge PV (S0090),Sacramento,0.2,1994/06/01 00:00:00+00
-121.182603829,38.4699865420001,2375,S0280,RE Dillard Road 1,Sacramento,3.99,2012/01/01 00:00:00+00
-121.17759805,38.4668329360001,2376,S0281,RE Dillard Road 2,Sacramento,3.99,2012/01/01 00:00:00+00
-121.182389072,38.4639549240001,2377,S0282,RE Dillard Road 3,Sacramento,3.99,2012/01/01 00:00:00+00
-121.180168633,38.462799455,2378,S0283,RE Dillard Road 4,Sacramento,0.53,2012/01/01 00:00:00+00
-121.259056255,38.5613404590001,2379,S9097,FAA Norcal TRACON,Sacramento,1.0,2012/01/01 00:00:00+00
-121.163599653,38.4501547620001,2382,S9107,Nilsen Farms,Sacramento,1.1,2012/01/01 00:00:00+00
-120.595427453,38.4132467260001,2385,S9182,Fresh Air Energy  LLC_(Pioneer 1),Amador,1.5,2013/12/31 00:00:00+00
-122.877811725,38.6849200620001,2390,S9055,Clos Du Bois Wines Inc.,Sonoma,1.0,2012/01/01 00:00:00+00
-121.946328898,38.6823545510001,2392,S9082,Cemex Construction Materials Pacific LLC,Yolo,1.0,2012/01/01 00:00:00+00
-121.729524069,38.6599374460001,2394,S0115,Yolo County Solar Project,Yolo,1.0,2010/07/01 00:00:00+00
-121.712744289,38.674985916,2395,S9010,Co. Inc. #21 Walgreens,Yolo,1.0,2012/01/01 00:00:00+00
-121.561008318,38.5915020730001,2396,S9022,Tony's Fine Foods,Yolo,1.0,2012/01/01 00:00:00+00
-121.713922928,38.6750236930001,2397,S9110,Amir Development Company,Yolo,1.1,2012/01/01 00:00:00+00
-121.506205818,38.642729198,2400,S0405,Strata Roof 1,Sacramento,1.0,2013/05/15 00:00:00+00
-121.398015541,38.600859568,2401,S0661,US General Service Administration - Sacramento,Sacramento,1.38,2018/03/29 00:00:00+00
-121.478236394,38.7039640880001,2403,S0719,Wildflower Solar 1,Sacramento,13.0,2020/12/14 00:00:00+00
-121.163120581,38.6136198510001,2406,S0116,Aerojet I (3.6MW) Solar Plant,Sacramento,3.6,2009/12/23 00:00:00+00
-121.170588776,38.609556621,2407,S0130,Aerojet II (2.4MW) Solar Plant,Sacramento,2.4,2010/05/21 00:00:00+00
-121.166102335,38.6468161880001,2408,S0622,Intel Corporation - Folsom Carport Phase 1,Sacramento,1.1,2010/07/09 00:00:00+00
-121.164643051,38.64547005,2409,S0629,Intel Corporation - Folsom Carport Phase 3,Sacramento,6.45,2016/09/29 00:00:00+00
-121.172724863,38.644235715,2410,S9096,Intel Corporation - Folsom Carport Phase 2,Sacramento,1.0,2012/01/01 00:00:00+00
-121.167723079,38.6454980410001,2411,S9098,Intel Corporation,Sacramento,1.0,2012/01/01 00:00:00+00
-123.019085655,38.7757603220001,2414,S0309,Cloverdale Solar I,Sonoma,2.0,2014/06/01 00:00:00+00
-123.020461271,38.769171295,2415,S0692,Cloverdale Solar Center,Sonoma,1.0,2019/06/11 00:00:00+00
-122.972648348,38.762562775,2416,S9013,Fosters Wine Estates Inc.,Sonoma,1.0,2012/01/01 00:00:00+00
-123.01707735,38.773895888,2417,S9305,Cloverdale Solar 1  LLC_(FSEC1),Sonoma,1.5,2013/12/31 00:00:00+00
-123.016651122,38.7747519640001,2418,S9306,Cloverdale Solar 2  LLC_(FSEC2),Sonoma,1.5,2013/12/31 00:00:00+00
-122.650953883,38.7704806240001,2438,S9051,Power Agency Northern California,Lake,1.0,2012/01/01 00:00:00+00
-121.283191895,38.8141288350001,2440,S9008,Foods Inc. United Natural,Placer,1.0,2012/01/01 00:00:00+00
-121.331727639,38.9080399790001,2441,S9268,Lincoln Solar Millenium Fund LLC_(Lincoln Solar #A),Placer,1.5,2013/12/31 00:00:00+00
-121.30437484,38.8701187460001,2442,S9269,Lincoln Solar Millenium Fund LLC_(Lincoln Solar #B),Placer,1.5,2013/12/31 00:00:00+00
-121.296850592,38.8725268810001,2443,S9270,Lincoln Solar Millenium Fund LLC_(Nicholas Solar #C),Placer,1.5,2013/12/31 00:00:00+00
-122.919093604,39.1066585080001,2460,S9015,County of Lake,Lake,1.0,2012/01/01 00:00:00+00
-122.627022702,38.9840763230001,2462,S9019,Power Agency Northern CA,Lake,1.0,2012/01/01 00:00:00+00
-121.498550538,39.093933534,2467,S9311,Pristine Sun Fund 8 Sutter PGE LLC_(2179_Smotherman),Sutter,0.5,2013/12/31 00:00:00+00
-123.223548125,39.1862509580001,2480,S9052,Community College Mendocino,Mendocino,1.0,2012/01/01 00:00:00+00
-123.194756175,39.1430473830001,2481,S9264,East Side Calpella 2MW PV Project (1) (2012 PV RFO - 1),Mendocino,2.0,2014/12/31 00:00:00+00
-123.194756175,39.1430473830001,2482,S9265,Parducci 2MW PV Project (3) (2012 PV RFO - 1),Mendocino,2.0,2014/12/31 00:00:00+00
-123.194756175,39.1430473830001,2483,S9266,Ruddick-2 2MW PV Project (4) (2012 PV RFO - 1),Mendocino,2.0,2014/12/31 00:00:00+00
-121.63941682,39.219944495,2485,S9032,Lomo Cold Storage LLC,Sutter,1.0,2012/01/01 00:00:00+00
-121.636615984,39.1440940000001,2486,S9099,City of Yuba,Sutter,1.0,2012/01/01 00:00:00+00
-121.669484305,39.2921229500001,2487,S9310,Pristine Sun Fund 1  LLC_(2127_Harris),Butte,1.25,2013/12/31 00:00:00+00
-121.53399738,39.125119672,2490,S9078,Yuba College,Yuba,1.0,2012/01/01 00:00:00+00
-121.562372574,39.4775046830001,2506,S9120,Roplast Industries Inc.,Butte,1.2,2012/01/01 00:00:00+00
-121.566169806,39.4835982280001,2507,S9183,Pristine Sun Fund 1  LLC_(2125_Jarvis),Butte,1.0,2013/12/31 00:00:00+00
-121.563901713,39.387807008,2508,S9184,Pristine Sun Fund 1  LLC_(2094_Buzzelle),Butte,1.25,2013/12/31 00:00:00+00
-121.851795438,39.5509659370001,2520,S9007,Rice Mill Inc. Far West,Butte,1.0,2012/01/01 00:00:00+00
-121.4593552,39.5083080520001,2527,S9185,Pristine Sun Fund 6 Butte PGE LLC_(2096_Cotton),Butte,1.0,2013/12/31 00:00:00+00
-122.176301499,39.6991647200001,2539,S0583,Enerparc CA2,Glenn,1.5,2016/03/01 00:00:00+00
-121.909206144,39.6960383690001,2541,S9021,City of Chico,Butte,1.0,2012/01/01 00:00:00+00
-121.770299788,39.702040755,2542,S9186,Pristine Sun Fund 6 Butte PGE LLC_(2129_Ballard),Butte,1.0,2013/12/31 00:00:00+00
-122.17310083,39.9494214220001,2549,S9313,Pristine Sun Fund 5 LLC_(2040_Alvares),Tehama,1.5,2013/12/31 00:00:00+00
-122.173190762,39.9473497290001,2550,S9315,Pristine Sun Fund 5 LLC_(2039_Flournoy),Tehama,1.0,2013/12/31 00:00:00+00
-122.173918777,39.9366915740001,2551,S9317,Pristine Sun Fund 5 LLC_(2020_Rolf),Tehama,0.5,2013/12/31 00:00:00+00
-122.331448743,40.182663608,2563,S9316,Pristine Sun Fund 5 LLC_(2158_Stroing),Tehama,0.75,2013/12/31 00:00:00+00
-122.257432392,40.1777337020001,2565,S9314,Pristine Sun Fund 5 LLC_(2119_Lvvorn),Tehama,1.0,2013/12/31 00:00:00+00
-122.18639714,40.0673199330001,2566,S9318,Pristine Sun Fund 5 LLC_(2065_Rogers),Tehama,0.5,2013/12/31 00:00:00+00
-122.225212094,40.1169876110001,2567,S9319,Pristine Sun Fund 5 LLC_(2041_Alvares),Tehama,0.25,2013/12/31 00:00:00+00
-122.125070054,40.1007724880001,2568,S9084,Wal-Mart,Tehama,1.0,2012/01/01 00:00:00+00
-122.125241732,40.1013477340001,2569,S9089,Charles R. Crain Jr.,Tehama,1.0,2012/01/01 00:00:00+00
-122.194086963,40.1215503660001,2571,S0707,SPI - Red Bluff,Tehama,8.4,2020/05/01 00:00:00+00
-120.127435003,40.1485403230001,2576,S0697,PSREC/SIAD Solar,Lassen,2.5,2018/09/20 00:00:00+00
-122.273897612,40.3681032010001,2578,S9312,Pristine Sun Fund 5 LLC_(2021_Doran),Tehama,1.5,2013/12/31 00:00:00+00
-122.453074998,40.475446553,2589,S9302,Pristine Sun Fund 5 LLC_(2113_Fritzjarrell),Shasta,1.0,2013/12/31 00:00:00+00
-122.319713335,40.632301066,2611,S9002,Shasta College,Shasta,1.0,2012/01/01 00:00:00+00
-121.424213692,41.031980871,2641,S0300,Fall River Mills Project A & B,Shasta,3.0,2014/03/05 00:00:00+00
-121.429410503,41.056190717,2642,S9300,Ignite Solar LLC_(Achomawi),Shasta,1.5,2013/12/31 00:00:00+00
-121.429410503,41.056190717,2643,S9301,Ignite Solar LLC_(Ahjumawi),Shasta,1.5,2013/12/31 00:00:00+00
-118.132489756,34.9435840400001,2659,S0657,North Rosamond Solar,Kern,150.0,2019/04/26 00:00:00+00
-123.826239278,40.118647987,2660,S0672,Redway Solar,Humboldt,6.5,2016/08/10 00:00:00+00
-122.351454716,38.4409369960001,2661,S0673,Rector Solar,Tulare,14.0,2016/11/22 00:00:00+00
-118.25939281,34.0492981450001,2662,S0674,CREST Contracts,Los Angeles,4.0,2016/03/16 00:00:00+00
-118.820234529,36.128644959,2663,S0675,Springville Solar,Tulare,14.0,2016/11/22 00:00:00+00
-117.230655982,34.0865060830001,2664,S0676,Victor Solar,San Bernardino,24.5,2017/06/02 00:00:00+00
-124.106270114,40.9719579530001,2665,S0726,Redwood Coast Airport Microgrid,Humboldt,2.31,2021/12/22 00:00:00+00
-117.196757999,32.748691808,2669,S0400,USMC Maintenance Officer,San Diego,1.53,2012/08/08 00:00:00+00
-117.207501776,32.731350809,2670,S0401,San Diego City Regional Airport Authority,San Diego,1.6,2015/02/05 00:00:00+00
-117.202183665,32.7317471220001,2674,S0720,San Diego Airport Solar,San Diego,5.5,2017/03/01 00:00:00+00
-116.919939265,32.590042698,2692,S0378,San Diego - Alta Rd. EMDF Canopy,San Diego,1.0,2011/12/02 00:00:00+00
-116.995473744,32.641744294,2693,S0399,Southwestern Community College,San Diego,1.13,2014/10/24 00:00:00+00
-116.270491494,32.6656794300001,2697,S9287,LanWest Solar Farm LLC,San Diego,3.5,2014/02/28 00:00:00+00
-116.127872569,32.6233365530001,2700,S0594,Jacumba Solar Farm,San Diego,20.0,2017/07/25 00:00:00+00
-115.728842927,32.747357069,2702,S0258,Campo Verde Solar Project,Imperial,197.0,2013/10/25 00:00:00+00
-115.647196282,32.6861537180001,2706,S0291,Centinela Solar Energy,Imperial,172.6,2013/10/01 00:00:00+00
-115.540568696,32.7141384720001,2707,S0298,Heber Solar Facility,Imperial,10.0,2014/04/23 00:00:00+00
-115.657568213,32.665793396,2708,S0440,"Imperial Solar Energy Center West
",Imperial,148.7,2016/04/12 00:00:00+00
-115.595440079,32.676517512,2709,S0655,Mount Signal Solar Farm V (IVS 3 LLC),Imperial,252.29,2018/10/11 00:00:00+00
-115.617063593,32.6749859620001,2710,S0687,Wistaria Ranch Solar,Imperial,100.0,2018/11/19 00:00:00+00
-115.629156831,32.6683045410001,2711,S0696,Imperial Valley Solar 2,Imperial,150.0,2019/10/01 00:00:00+00
-115.64453889,32.675467483,2712,S9174,Silver Ridge Mount Signal (Imperial Valley Solar 1),Imperial,200.0,2013/10/01 00:00:00+00
-117.239153055,32.8742084150001,2726,S0129,UCSD Solar PV System,San Diego,1.2,2008/06/01 00:00:00+00
-116.600390902,32.8573418940001,2750,S9288,Descanso Solar - CRE,San Diego,1.5,2013/12/31 00:00:00+00
-115.692943167,32.750676196,2753,S0255,Imperial Solar Energy Center South,Imperial,128.9,2013/11/01 00:00:00+00
-115.772563132,32.7934775570001,2754,S0677,SEPV EAST,Imperial,3.0,2018/01/01 00:00:00+00
-115.781436586,32.7934502850001,2755,S0678,SPEV WEST,Imperial,2.0,2018/01/01 00:00:00+00
-115.546428966,32.8017992000001,2757,S0461,ECPV Solar,Imperial,20.0,2013/10/01 00:00:00+00
-117.088159061,33.0108957140001,2776,S9003,Hewlett Packard,San Diego,1.0,2012/01/01 00:00:00+00
-116.871718242,33.011957443,2780,S0305,Ramona 1 & 2,San Diego,7.0,2013/12/01 00:00:00+00
-116.860380004,33.019768121,2781,S0634,Ramona Solar Energy Facility,San Diego,4.9,2017/05/01 00:00:00+00
-116.356619198,33.135025903,2782,S0715,Titan Solar I,Imperial,70.0,2020/12/21 00:00:00+00
-116.003000056,33.116103121,2783,S0408,Seville Solar One,San Diego,20.0,2015/12/30 00:00:00+00
-116.003545374,33.109036517,2784,S0409,Seville Solar Two,San Diego,30.0,2015/12/24 00:00:00+00
-115.627464479,33.0437963530001,2785,S0679,Valencia I,Imperial,3.0,2018/01/01 00:00:00+00
-115.482012798,32.9835429010001,2788,S0296,NRG Solar Community I LLC (SDSU Solar),Imperial,5.72,2014/06/13 00:00:00+00
-115.47110772,33.080031956,2789,S0324,Alhambra Solar Facility,Imperial,50.0,2014/11/26 00:00:00+00
-115.471676535,33.143910374,2790,S0325,Arkansas Solar Facility,Imperial,50.0,2014/11/26 00:00:00+00
-113.497197431,32.983883351,2791,S0242,Agua Caliente Solar (AZ),Yuma,243.0,2012/01/19 00:00:00+00
-117.298371423,33.212740534,2794,S0403,Genentech Inc - Oceanside,San Diego,4.1,2015/05/12 00:00:00+00
-117.030427947,33.264314132,2796,S0584,Mesa Crest (Lilac),San Diego,3.0,2016/09/17 00:00:00+00
-117.176822008,33.212655758,2797,S0372,Borrego Solar - Twin Oaks,San Diego,1.0,2011/06/02 00:00:00+00
-117.022741987,33.249297589,2798,S0593,Cole Grade,San Diego,2.33,2016/12/07 00:00:00+00
-117.001642426,33.234139493,2799,S9178,Valley Center 1 & 2,San Diego,7.5,2013/12/01 00:00:00+00
-116.35473749,33.2957030060001,2800,S0238,NRG Solar Borrego I,San Diego,26.0,2013/02/12 00:00:00+00
-116.329692112,33.264804472,2801,S9286,Desert Green Solar Farm LLC,San Diego,3.5,2014/10/31 00:00:00+00
-115.497238776,33.2456500810001,2803,S0161,IVSC1 - (SunPeak 1) - 23MW PV,Imperial,23.0,2012/06/01 00:00:00+00
-115.497396995,33.254257356,2804,S0342,Imperial Valley Solar Company (IVSC) 2 LLC,Imperial,20.0,2015/08/06 00:00:00+00
-115.532210353,33.165828101,2805,S0347,Calipatria Solar Farm,Imperial,20.0,2016/02/12 00:00:00+00
-115.54911044,33.165690327,2806,S0522,Midway Solar Farm I,Imperial,49.9,2017/12/14 00:00:00+00
-115.544024991,33.1558117180001,2807,S0600,"Midway Solar Farm II (96WI 8ME, LLC)",Imperial,30.75,2017/06/27 00:00:00+00
-115.452423877,33.1682514710001,2819,S0326,Sonora Solar Facility,Imperial,50.0,2014/11/26 00:00:00+00
-112.923873603,33.343024728,2820,S0254,Mesquite Solar 1 (AZ),Maricopa,165.0,2014/01/01 00:00:00+00
-112.833748578,33.3020589710001,2821,S0292,Arlington Valley Solar Energy II,Maricopa,129.0,2013/11/05 00:00:00+00
-112.94871466,33.3391739530001,2822,S0561,Mesquite Solar 2 (AZ),Maricopa,165.0,2016/11/01 00:00:00+00
-112.929999174,33.3322923480001,2823,S0562,Mesquite Solar 3 (AZ),Maricopa,152.0,2016/08/01 00:00:00+00
-117.579935799,33.394960396,2824,S0402,USMC,Orange,2.8,2015/05/26 00:00:00+00
-117.25885376,33.3636430720001,2828,S9001,FPUD - Sanitary,San Diego,1.0,2012/01/01 00:00:00+00
-117.336061465,33.4474246610001,2829,S9004,Farm ACW,San Diego,1.0,2012/01/01 00:00:00+00
-117.116362337,33.5030077230001,2831,S0631,Temecula Valley USD Temecula Valley HS,Riverside,1.11,2017/07/07 00:00:00+00
-118.276672071,33.7474037550001,2832,S0142,Port of Los Angeles Berth 93,Los Angeles,1.1,2011/07/01 00:00:00+00
-117.194254452,33.5529745640001,2843,S0623,Walmart (CA) - Store #2952 - Murrieta,Riverside,1.09,2015/07/23 00:00:00+00
-117.01059981,33.7417507320001,2846,S0422,AP North Lake Solar,Riverside,20.0,2015/07/01 00:00:00+00
-116.197686119,33.6535724330001,2847,S0460,Augustine Energy PV,Riverside,3.0,2016/01/01 00:00:00+00
-115.229882867,33.6926707390001,2850,S0722,"Maverick Solar 6, LLC",Riverside,100.0,2021/10/22 00:00:00+00
-115.332008355,33.627013033,2851,S0723,"Maverick Solar 7, LLC",Riverside,132.0,2021/12/22 00:00:00+00
-115.237115771,33.6892048990001,2852,S0710,Desert Harvest LLC,Riverside,80.0,2020/12/17 00:00:00+00
-115.236973047,33.687399929,2853,S0711,Desert Harvest II LLC,Riverside,70.0,2020/12/17 00:00:00+00
-115.236500792,33.6910549300001,2854,S0712,Maverick Solar,Riverside,125.0,2020/12/16 00:00:00+00
-115.234830577,33.687837347,2855,S0713,Maverick Solar 4,Riverside,100.0,2020/12/11 00:00:00+00
-114.918438868,33.565404363,2856,S0114,Ironwood State Prison,Riverside,1.0,2008/05/02 00:00:00+00
-114.994146031,33.6663832040001,2857,S0259,Genesis Solar Energy Project,Riverside,250.0,2014/03/07 00:00:00+00
-114.919234883,33.567037655,2858,S0357,Ironwood State Prison II,Riverside,4.0,2012/07/04 00:00:00+00
-114.745171781,33.591683586,2859,S0111,Blythe 1 Solar,Riverside,21.0,2009/12/18 00:00:00+00
-114.903085845,33.5651289890001,2860,S0122,Chuckawalla Valley State Prison (CVSP),Riverside,0.94,2006/07/01 00:00:00+00
-114.739710457,33.6947169920001,2861,S0346,McCoy Solar LLC,Riverside,250.0,2015/08/08 00:00:00+00
-114.741934713,33.6797098970001,2862,S0519,Blythe Solar 110 LLC,Riverside,110.0,2016/03/18 00:00:00+00
-114.763240332,33.6741611100001,2863,S0699,"Blythe Solar III, LLC",Riverside,125.0,2020/05/21 00:00:00+00
-114.749569093,33.654092043,2864,S0708,Blythe Solar IV LLC,Riverside,125.0,2020/09/11 00:00:00+00
-114.572089569,33.5990210680001,2865,S0406,Venable Solar 1,Riverside,1.5,2015/04/13 00:00:00+00
-114.572153274,33.5972906280001,2866,S0407,Venable Solar 2,Riverside,1.5,2015/04/14 00:00:00+00
-114.69087129,33.614849673,2867,S0529,Blythe Solar II LLC,Riverside,125.0,2016/07/18 00:00:00+00
-114.70164983,33.626909643,2868,S0601,NRG Blythe Solar II LLC,Riverside,20.0,2017/04/05 00:00:00+00
-118.286372236,33.784567399,2882,S0152,LA Harbor College,Los Angeles,2.11,2010/08/13 00:00:00+00
-118.284786119,33.7833454020001,2883,S0182,Harbor College  LACCD,Los Angeles,1.1,2010/12/20 00:00:00+00
-118.310330888,33.857636545,2884,S0455,"SunE - Torrance
",Los Angeles,0.98,2015/10/16 00:00:00+00
-118.2097879,33.829143167,2885,S0620,ATT (DirecTV Broadcast),Los Angeles,1.02,2015/03/04 00:00:00+00
-118.054331124,33.913079549,2905,S0208,Golden Springs Building C1,Los Angeles,1.3,2012/02/10 00:00:00+00
-118.052353373,33.9123338950001,2906,S0209,Golden Springs Building D1,Los Angeles,1.25,2012/08/01 00:00:00+00
-118.017965109,33.881694925,2907,S0366,Staples - La Mirada,Los Angeles,1.0,2010/03/19 00:00:00+00
-118.045698514,33.9107500980001,2908,S0438,"Golden Springs Building H
",Los Angeles,1.5,2015/03/12 00:00:00+00
-118.044045372,33.9107588050001,2909,S0439,"Golden Springs Building M
",Los Angeles,1.75,2016/03/10 00:00:00+00
-118.048997043,33.914045055,2910,S0575,Golden Springs Building G,Los Angeles,1.25,2016/12/31 00:00:00+00
-118.041470463,33.9124936640001,2911,S0576,Golden Springs Building F,Los Angeles,1.3,2016/12/31 00:00:00+00
-118.049730653,33.912455177,2912,S0577,Golden Springs Building L,Los Angeles,1.0,2016/12/31 00:00:00+00
-118.049883755,33.91085672,2913,S0578,Freeway Springs,Los Angeles,2.0,2016/10/31 00:00:00+00
-117.588134746,33.892095295,2929,S0379,SCE - Corona,Riverside,0.99,2013/04/15 00:00:00+00
-117.511558083,33.827804815,2933,S0133,Temescal Canyon RV  LLC,Riverside,1.5,2011/05/17 00:00:00+00
-117.222940893,33.838925912,2937,S0202,SPVP044 Perris (Valley),Riverside,10.15,2012/09/14 00:00:00+00
-117.221226116,33.866002268,2938,S0364,Walgreens - Moreno Valley,Riverside,1.0,2007/09/26 00:00:00+00
-117.2836559,33.896466118,2939,S0441,Park Meridian,Riverside,1.49,2015/03/26 00:00:00+00
-117.0195006,33.768794509,2941,S0416,Tahquitz High School,Riverside,1.0,2012/09/01 00:00:00+00
-116.595189548,33.923234338,2951,S0250,North Palm Springs 1A,Riverside,2.8,2012/04/02 00:00:00+00
-116.562396592,33.909299462,2952,S0251,North Palm Springs 4A,Riverside,4.9,2012/11/02 00:00:00+00
-116.450056258,33.8027440110001,2953,S0363,Palm Springs SD - Cathedral City HS,Riverside,1.0,2013/08/09 00:00:00+00
-116.520793566,33.8190428680001,2954,S0365,Palm Springs SD - Palm Springs HS,Riverside,1.02,2013/08/28 00:00:00+00
-116.544000718,33.8929450040001,2955,S9401,Garnet Solar Power Generation Station 1,Riverside,4.0,2014/12/01 00:00:00+00
-116.530127229,33.922988919,2956,S0640,Desert Hot Springs 2,Riverside,1.5,2013/12/31 00:00:00+00
-116.433669096,33.823610387,2986,S0367,Palm Springs SD - Rancho Mirage HS,Riverside,1.0,2013/08/28 00:00:00+00
-115.403544769,33.8114453540001,2987,S0256,Desert Sunlight 250,Riverside,115.92,2013/12/25 00:00:00+00
-115.404889881,33.824324892,2988,S0257,Desert Sunlight 300,Riverside,192.77,2013/10/15 00:00:00+00
-118.450477698,34.051525214,2999,S9154,West Los Angeles VA Health Care System,Los Angeles,9.0,2012/01/01 00:00:00+00
-118.359677796,34.0747949080001,3000,S9157,CBS Television City,Los Angeles,1.84,2013/01/01 00:00:00+00
-118.229206671,34.058514717,3004,S0183,LA County MTA/Metro,Los Angeles,1.05,2009/04/01 00:00:00+00
-118.224033291,34.02761894,3005,S0184,Dependable Highway Express,Los Angeles,1.05,2012/03/02 00:00:00+00
-118.148090545,34.0402559120001,3006,S0369,ELACC - Parking Lot,Los Angeles,1.0,2008/03/27 00:00:00+00
-118.229401845,34.0572094730001,3007,S9114,MTA,Los Angeles,1.2,2012/01/01 00:00:00+00
-118.223958818,34.0268971460001,3008,S9116,Dependable Highway Express Inc,Los Angeles,1.2,2012/01/01 00:00:00+00
-118.206800342,34.128197748,3009,S9156,Occidental College Solar Project,Los Angeles,1.14,2013/01/01 00:00:00+00
-118.103273314,33.982257728,3021,S0442,Pico Rivera,Los Angeles,0.9,2015/11/20 00:00:00+00
-117.844814941,34.009574921,3034,S0221,Industry MetroLink PV 1,Los Angeles,1.5,2012/05/01 00:00:00+00
-117.783581792,34.107765081,3035,S0527,Weymouth Solar Plant,Los Angeles,2.99,2016/06/01 00:00:00+00
-117.800387318,34.1058005200001,3036,S9258,United States Department of Agriculture  Forest Service,Los Angeles,0.25,2014/12/31 00:00:00+00
-117.851148358,34.0227049470001,3039,S0709,Walnut High,Los Angeles,1.23,2019/09/30 00:00:00+00
-117.700857139,33.9850236,3041,S0118,SPVP002 Chino Rooftop Solar,San Bernardino,1.22,2009/10/01 00:00:00+00
-117.571907086,34.0324546190001,3042,S0199,SPVP032 Ontario - Kennedy 2,San Bernardino,1.74,2011/12/22 00:00:00+00
-117.659051908,33.966779995,3043,S0210,SS San Antonio West  LLC,Riverside,1.87,2012/06/14 00:00:00+00
-117.605560256,34.0394105560001,3044,S0433,Terra Francesco,San Bernardino,1.49,2015/03/01 00:00:00+00
-117.591767387,34.0504843890001,3047,S9412,Jurupa Valley Solar PV,San Bernardino,1.5,2014/01/03 00:00:00+00
-117.400027544,34.0941725120001,3053,S0128,SPVP003 Rialto,San Bernardino,1.22,2011/03/01 00:00:00+00
-117.57131436,34.0416745970001,3054,S0136,SPVP006 Ontario,San Bernardino,2.55,2011/08/01 00:00:00+00
-117.565673266,34.042061473,3055,S0186,SPVP008 Ontario,San Bernardino,2.85,2010/12/30 00:00:00+00
-117.57057928,34.0429802560001,3056,S0187,SPVP009 Ontario,San Bernardino,1.41,2011/01/10 00:00:00+00
-117.517109556,34.0748594560001,3057,S0188,SPVP010 Fontana (Etiwanda),San Bernardino,2.25,2011/05/18 00:00:00+00
-117.516713129,34.080228461,3058,S0191,SPVP015 Fontana (Etiwanda) includes SPVP001,San Bernardino,4.69,2010/12/29 00:00:00+00
-117.512913915,34.073447921,3059,S0193,SPVP017 Fontana (Etiwanda),San Bernardino,4.5,2011/12/14 00:00:00+00
-117.516630669,34.083996583,3060,S0194,SPVP018 Fontana (Etiwanda),San Bernardino,1.94,2011/05/23 00:00:00+00
-117.520278542,34.0801525030001,3061,S0196,SPVP023 Fontana (Etiwanda),San Bernardino,3.86,2011/05/12 00:00:00+00
-117.425342552,34.132376761,3062,S0197,SPVP026 Rialto,San Bernardino,8.6,2011/08/26 00:00:00+00
-117.568678159,34.0326335710001,3063,S0200,SPVP033 Ontario - Kennedy 3,San Bernardino,1.28,2011/12/12 00:00:00+00
-117.425482942,34.127199166,3064,S0227,SPVP027 Rialto,San Bernardino,2.62,2012/11/27 00:00:00+00
-117.410209783,33.973504002,3065,S0444,Tequesquite Landfill Solar PV Project,Riverside,7.5,2015/09/09 00:00:00+00
-117.553652352,34.1001061210001,3066,S0446,"Rancho Cucamonga Distribution #1
",San Bernardino,1.75,2014/10/21 00:00:00+00
-117.544492243,34.097919608,3067,S0447,SunE - Rochester,San Bernardino,1.0,2015/10/16 00:00:00+00
-117.517391859,34.028557156,3068,S0448,SunE - Mira Loma,Riverside,0.5,2015/10/16 00:00:00+00
-117.553234853,34.0451414030001,3069,S0449,SunE - Dupont Ontario,San Bernardino,0.65,2015/10/16 00:00:00+00
-117.534092799,34.0359861540001,3070,S0453,SunE - E Philadelphia Ontario,San Bernardino,1.3,2015/10/16 00:00:00+00
-117.519097642,34.0389520410001,3071,S0454,"SunE - Jurupa Fontana
",San Bernardino,1.19,2015/10/16 00:00:00+00
-117.51740061,34.029799095,3072,S0572,Dulles,Riverside,2.0,2016/11/17 00:00:00+00
-117.561861166,34.0420501770001,3075,S9167,SPVP012 Ontario,San Bernardino,0.5,2011/01/01 00:00:00+00
-117.5308103,34.0446557130001,3080,S9414,Champagne Solar PV,San Bernardino,1.23,2014/01/03 00:00:00+00
-117.231104021,34.0863175920001,3087,S0158,SPVP005 Redlands,San Bernardino,3.4,2011/08/01 00:00:00+00
-117.228082494,34.0863644410001,3088,S0185,SPVP007 Redlands,San Bernardino,3.2,2010/12/29 00:00:00+00
-117.241007359,34.076027803,3089,S0189,SPVP011 Redlands RDC 4,San Bernardino,5.02,2011/10/10 00:00:00+00
-117.234812013,34.083533994,3090,S0190,SPVP013 Redlands,San Bernardino,4.93,2011/09/15 00:00:00+00
-117.234213995,34.0857074890001,3091,S0192,SPVP016 Redlands,San Bernardino,1.75,2011/05/18 00:00:00+00
-117.213436946,34.0800034430001,3092,S0195,SPVP022 Redlands,San Bernardino,3.09,2010/11/15 00:00:00+00
-117.274328812,34.0948351480001,3093,S0198,SPVP028 San Bernardino (Vista 28),San Bernardino,4.86,2011/12/20 00:00:00+00
-117.228079053,34.0826554060001,3094,S0322,SPVP048 Redlands,San Bernardino,5.0,2014/08/12 00:00:00+00
-117.214588944,34.1424341470001,3095,S0361,Patton State Hospital II�,San Bernardino,0.99,2012/07/03 00:00:00+00
-117.266770322,34.094878179,3096,S0370,Kohl's - San Bernardino - Mill,San Bernardino,1.0,2007/11/28 00:00:00+00
-117.267019891,34.0853609980001,3097,S0377,Kohl's - San Bernardino - Central,San Bernardino,1.0,2012/08/24 00:00:00+00
-117.247683793,34.1003757920001,3098,S0451,SunE - San Bernardino,San Bernardino,1.9,2015/10/16 00:00:00+00
-117.229481936,34.076201466,3099,S0452,SunE - Redlands,San Bernardino,1.83,2015/10/16 00:00:00+00
-117.25018806,34.050146007,3100,S9153,Loma Linda VA Health Care System,San Bernardino,2.83,2012/01/01 00:00:00+00
-116.370246517,34.1235559720001,3113,S0169,Coronus Yucca Valley East 1,San Bernardino,1.5,2013/07/15 00:00:00+00
-116.370433773,34.1235492170001,3114,S0170,Coronus Yucca Valley East 2,San Bernardino,1.5,2013/07/15 00:00:00+00
-116.37022157,34.122971674,3115,S0171,Coronus Yucca Valley East 3,San Bernardino,1.5,2014/07/15 00:00:00+00
-116.224496671,34.1341392410001,3116,S0172,Coronus Joshua Tree East 1,San Bernardino,1.5,2013/07/15 00:00:00+00
-116.224358595,34.1341363060001,3117,S0173,Coronus Joshua Tree East 2,San Bernardino,1.5,2013/07/15 00:00:00+00
-116.22422038,34.1341404340001,3118,S0174,Coronus Joshua Tree East 3,San Bernardino,1.5,2013/07/15 00:00:00+00
-119.134403909,34.209705544,3121,S0368,Procter & Gamble - Oxnard,Ventura,1.0,2009/09/25 00:00:00+00
-119.164120467,34.1925572110001,3122,S0450,SunE - Oxnard,Ventura,2.7,2015/10/16 00:00:00+00
-118.574683386,34.183761309,3133,S0181,Pierce College LACCD,Los Angeles,2.1,2010/10/19 00:00:00+00
-118.582339252,34.185551864,3134,S0219,LAPC Carport Shade Structures (Los Angeles Pierce College),Los Angeles,2.09,2010/08/19 00:00:00+00
-118.58007072,34.183277527,3135,S9158,Los Angeles Community College District,Los Angeles,2.28,2013/01/01 00:00:00+00
-118.477654435,34.243890241,3141,S9155,Sepulveda Ambulatory Care Center,Los Angeles,4.0,2012/01/01 00:00:00+00
-116.153274382,34.174678242,3164,S0164,SEPV 2 (Gestamp - GASNA),San Bernardino,2.0,2012/06/01 00:00:00+00
-116.072110238,34.1760928580001,3165,S0165,Coronus 29-Palms North 1,San Bernardino,1.5,2014/01/15 00:00:00+00
-116.072111688,34.1761717370001,3166,S0166,Coronus 29-Palms North 2,San Bernardino,1.5,2014/01/15 00:00:00+00
-116.072100854,34.1760135070001,3167,S0167,Coronus 29-Palms North 3,San Bernardino,1.5,2014/01/15 00:00:00+00
-116.236566169,34.165711822,3168,S0289,Cascade Solar PV,San Bernardino,18.5,2014/03/19 00:00:00+00
-116.152698412,34.1706074320001,3169,S9409,Highlander Solar 1 (SEPV8),San Bernardino,12.0,2013/06/12 00:00:00+00
-116.092121394,34.191444716,3170,S9410,Highlander Solar 2 (SEPV9),San Bernardino,9.0,2013/06/11 00:00:00+00
-117.916271058,34.512702588,3186,S0543,Pearblossom Solar,Los Angeles,9.5,2016/12/29 00:00:00+00
-117.47484156,34.512425067,3187,S0279,RE Victor Phelan Solar One,San Bernardino,17.5,2013/12/06 00:00:00+00
-117.562233079,34.473176493,3188,S0351,Snowline - Duncan Road (North),San Bernardino,1.5,2014/10/02 00:00:00+00
-117.563587026,34.4745777100001,3189,S0352,Snowline - Duncan Road (South),San Bernardino,1.0,2014/10/02 00:00:00+00
-117.469708046,34.4174936110001,3190,S0353,Snowline - White Road (North),San Bernardino,1.5,2014/11/25 00:00:00+00
-117.469644395,34.4147504270001,3191,S0354,Snowline - White Road (South),San Bernardino,1.5,2014/10/02 00:00:00+00
-117.469525119,34.4126459240001,3192,S0355,Snowline - White Road (Central),San Bernardino,1.5,2014/11/25 00:00:00+00
-117.469890199,34.4979335730001,3193,S0417,Victor Dry Farm Ranch A,San Bernardino,5.0,2015/06/08 00:00:00+00
-117.472327854,34.49785996,3194,S0418,Victor Dry Farm Ranch B,San Bernardino,5.0,2015/06/08 00:00:00+00
-117.386984771,34.5094348920001,3195,S0419,Victor Mesa Linda D2,San Bernardino,1.5,2014/11/01 00:00:00+00
-117.387536667,34.508790569,3196,S0420,Victor Mesa Linda E2,San Bernardino,1.5,2014/11/01 00:00:00+00
-117.387843474,34.5134347630001,3197,S9274,Victor Mesa Linda B2,San Bernardino,1.5,2013/12/31 00:00:00+00
-117.38682634,34.511842911,3198,S9285,Victor Mesa Linda C2,San Bernardino,1.5,2014/11/10 00:00:00+00
-117.376956154,34.434491425,3199,S0168,SunEdison Hesperia Solar PV,San Bernardino,1.5,2014/08/04 00:00:00+00
-117.257358129,34.4801202510001,3200,S0360,SolFocus - Victor Valley Community College,San Bernardino,1.25,2010/06/30 00:00:00+00
-117.144126277,34.496645818,3201,S9281,Powhatan Solar Power Generation Station 1,San Bernardino,1.5,2013/12/01 00:00:00+00
-117.153945126,34.5095098400001,3202,S9283,Drew Energy  LLC,San Bernardino,1.0,2014/12/31 00:00:00+00
-116.865851872,34.3970296000001,3203,S0328,Lone Valley Solar Park 1,San Bernardino,10.0,2014/10/01 00:00:00+00
-116.862488019,34.4083280240001,3204,S0329,Lone Valley Solar Park 2,San Bernardino,20.0,2014/10/01 00:00:00+00
-118.304709747,34.7088840760001,3209,S0239,TA High Desert Antelope Power Plant,Los Angeles,20.0,2013/03/25 00:00:00+00
-118.288315932,34.666176319,3210,S0261,Radiance Solar 4,Los Angeles,1.5,2013/07/01 00:00:00+00
-118.287005451,34.6646456280001,3211,S0262,Radiance Solar 5,Los Angeles,1.5,2013/07/01 00:00:00+00
-118.329969001,34.686546847,3212,S0271,Western Antelope Blue Sky Ranch A ,Los Angeles,20.0,2014/11/01 00:00:00+00
-118.327813305,34.693482073,3213,S0318,West Antelope Solar Park,Los Angeles,20.0,2014/11/10 00:00:00+00
-118.234247268,34.6945803140001,3214,S0356,CA State Prison LA County (CSPL),Los Angeles,2.0,2012/12/19 00:00:00+00
-118.333830486,34.7030126020001,3215,S0432,Sierra Solar Greenworks LLC,Los Angeles,20.0,2015/11/01 00:00:00+00
-118.287237522,34.6914719930001,3216,S0548,Antelope Big Sky Ranch,Los Angeles,20.0,2016/08/19 00:00:00+00
-118.228651902,34.7005966880001,3217,S0549,Central Antelope Dry Ranch C,Los Angeles,20.0,2016/05/06 00:00:00+00
-118.285581707,34.656085595,3218,S0552,Antelope DSR 1 - Big Sky Solar 1,Los Angeles,50.0,2016/12/20 00:00:00+00
-118.313308984,34.659655156,3219,S0553,Antelope DSR 2 - Big Sky Solar 2,Los Angeles,5.0,2016/12/20 00:00:00+00
-118.303378619,34.726918154,3220,S0556,Elevation Solar C,Los Angeles,40.0,2016/12/02 00:00:00+00
-118.293618831,34.661296672,3221,S0558,Solverde 1,Los Angeles,85.0,2016/12/20 00:00:00+00
-118.312748915,34.7156817600001,3222,S0559,Summer Solar,Los Angeles,20.0,2016/07/25 00:00:00+00
-118.312628904,34.727041204,3223,S0560,North Lancaster Ranch,Los Angeles,20.0,2016/12/31 00:00:00+00
-118.312843264,34.687235533,3224,S0568,Western Antelope Blue Sky Ranch B,Los Angeles,20.0,2016/12/02 00:00:00+00
-118.305593873,34.716855219,3225,S0592,Lancaster B,Los Angeles,3.0,2017/04/22 00:00:00+00
-118.28151817,34.7175010820001,3226,S0597,"Portal Ridge B, LLC",Los Angeles,20.0,2017/02/15 00:00:00+00
-118.305194871,34.7126991600001,3227,S0598,"Portal Ridge C, LLC",Los Angeles,11.4,2017/04/21 00:00:00+00
-118.314075185,34.6782999770001,3228,S0613,Bayshore Solar B,Los Angeles,20.0,2017/12/20 00:00:00+00
-118.314182011,34.681337919,3229,S0614,Bayshore Solar C,Los Angeles,20.0,2017/12/20 00:00:00+00
-118.298337752,34.6678126150001,3230,S0615,Bayshore Solar A,Los Angeles,20.0,2017/12/20 00:00:00+00
-118.18151976,34.72443732,3231,S0627,Rite Aid - Lancaster,Los Angeles,1.1,2015/03/16 00:00:00+00
-118.18771848,34.6916089850001,3232,S0645,Antelope Valley Lancaster Solar 1 (Avenue F),Los Angeles,3.8,2017/08/25 00:00:00+00
-118.30889494,34.7206143350001,3233,S0669,Delsur Solar,Los Angeles,10.0,2016/03/16 00:00:00+00
-118.299861119,34.73354497,3234,S0694,Antelope DSR 3,Los Angeles,20.0,2019/09/26 00:00:00+00
-118.201818365,34.7000155710001,3235,S9210,Abby Power  LLC,Los Angeles,1.5,2014/12/31 00:00:00+00
-118.201818365,34.7000155710001,3236,S9211,Amy Solar  LLC,Los Angeles,1.5,2014/12/31 00:00:00+00
-118.201818365,34.7000155710001,3237,S9213,Ayden Power  LLC,Los Angeles,1.5,2014/12/31 00:00:00+00
-118.201818365,34.7000155710001,3238,S9215,Carly Solar  LLC,Los Angeles,1.0,2014/12/31 00:00:00+00
-118.201818365,34.7000155710001,3239,S9217,CSC Solar I  LLC,Los Angeles,1.5,2014/12/31 00:00:00+00
-118.201818365,34.7000155710001,3240,S9218,CSC Solar II  LLC,Los Angeles,1.0,2014/12/31 00:00:00+00
-118.201818365,34.7000155710001,3241,S9219,CSC Solar  LLC,Los Angeles,1.5,2014/12/31 00:00:00+00
-118.201818365,34.7000155710001,3242,S9220,D2 Solar 1  LLC,Los Angeles,1.5,2014/12/31 00:00:00+00
-118.201818365,34.7000155710001,3243,S9221,D2 Solar 2  LLC,Los Angeles,1.5,2014/12/31 00:00:00+00
-118.201818365,34.7000155710001,3244,S9223,DT Solar 1  LLC,Los Angeles,1.5,2014/12/31 00:00:00+00
-118.201818365,34.7000155710001,3245,S9224,DT Solar 2  LLC,Los Angeles,1.5,2014/12/31 00:00:00+00
-118.201818365,34.7000155710001,3246,S9225,DT Solar 3  LLC,Los Angeles,1.0,2014/12/31 00:00:00+00
-118.174950967,34.593735596,3247,S9226,Erika Solar  LLC,Los Angeles,1.5,2014/12/31 00:00:00+00
-118.201818365,34.7000155710001,3248,S9230,Kell Solar 1  LLC,Los Angeles,1.0,2014/12/31 00:00:00+00
-118.201818365,34.7000155710001,3249,S9231,Kell Solar 2  LLC,Los Angeles,1.0,2014/12/31 00:00:00+00
-118.201818365,34.7000155710001,3250,S9232,Lancaster Del Sur Ranch C2 LLC,Los Angeles,1.5,2014/12/31 00:00:00+00
-118.18187214,34.7249874440001,3251,S9237,Lola Energy 1  LLC,Los Angeles,1.0,2014/12/31 00:00:00+00
-118.180892413,34.7249874450001,3252,S9238,Lola Energy 2  LLC,Los Angeles,1.0,2014/12/31 00:00:00+00
-118.17145438,34.585544381,3253,S9239,Niner Energy 1 LLC,Los Angeles,1.5,2014/12/31 00:00:00+00
-118.17145438,34.585544381,3254,S9240,Niner Energy 2 LLC,Los Angeles,1.5,2014/12/31 00:00:00+00
-118.17145438,34.585544381,3255,S9241,Niner Energy 3 LLC,Los Angeles,1.0,2014/12/31 00:00:00+00
-118.290594703,34.7140631770001,3256,S9242,Rodeo Solar A2 LLC,Los Angeles,1.5,2014/12/31 00:00:00+00
-118.293155273,34.712273124,3257,S9243,Rodeo Solar B2 LLC,Los Angeles,1.5,2014/12/31 00:00:00+00
-118.292039036,34.712279693,3258,S9244,Rodeo Solar C2 LLC,Los Angeles,1.5,2014/06/06 00:00:00+00
-118.290590436,34.712318441,3259,S9245,Rodeo Solar D2 LLC,Los Angeles,1.5,2014/06/06 00:00:00+00
-118.274154753,34.708884074,3260,S9246,Sandra Energy  LLC,Los Angeles,1.5,2014/12/31 00:00:00+00
-118.296537147,34.731628997,3261,S9247,Summer Solar A2 LLC,Los Angeles,1.5,2014/06/26 00:00:00+00
-118.296363328,34.7274259010001,3262,S9248,Summer Solar B2 LLC,Los Angeles,1.5,2014/06/26 00:00:00+00
-118.292037311,34.724456644,3263,S9249,Summer Solar C2 LLC,Los Angeles,1.5,2014/06/26 00:00:00+00
-118.292593529,34.725327244,3264,S9250,Summer Solar D2 LLC,Los Angeles,1.5,2014/06/26 00:00:00+00
-118.302926158,34.729185441,3265,S9251,Summer North Solar 6.5,Los Angeles,6.5,2014/12/19 00:00:00+00
-118.29589084,34.7236767260001,3266,S9252,Summer Solar F2 LLC,Los Angeles,1.5,2014/12/31 00:00:00+00
-118.295748232,34.7203556920001,3267,S9253,Summer Solar G2 LLC,Los Angeles,1.5,2014/12/31 00:00:00+00
-118.300501826,34.7236376560001,3268,S9254,Summer Solar H2 LLC,Los Angeles,1.5,2014/12/31 00:00:00+00
-118.163057195,34.644455242,3269,S9259,Voyager Solar 1  LLC,Los Angeles,1.5,2014/12/31 00:00:00+00
-118.161170633,34.644449034,3270,S9260,Voyager Solar 2  LLC,Los Angeles,1.5,2014/12/31 00:00:00+00
-118.16297638,34.643018936,3271,S9261,Voyager Solar 3  LLC,Los Angeles,1.0,2014/12/31 00:00:00+00
-118.320746977,34.6861860760001,3272,S9263,Western Antelope Dry Ranch,Los Angeles,10.0,2016/12/01 00:00:00+00
-118.292359999,34.717391423,3273,S9413,Lancaster Dry Farm Ranch B,Los Angeles,5.0,2014/12/18 00:00:00+00
-118.289198077,34.7181408540001,3275,S0698,San Pablo Raceway,Los Angeles,100.0,2019/08/03 00:00:00+00
-118.324239698,34.725942565,3276,S0716,Antelope Expansion 3A,Los Angeles,15.0,2021/06/22 00:00:00+00
-118.324380052,34.7259514960001,3277,S0717,Antelope Expansion 3B,Los Angeles,5.0,2021/06/22 00:00:00+00
-117.973226537,34.6551389140001,3278,S0226,L-8 Solar Project,Los Angeles,1.5,2012/05/17 00:00:00+00
-118.077337197,34.6499708590001,3279,S0338,Oasis Solar,Los Angeles,20.0,2016/01/19 00:00:00+00
-118.08752255,34.6650212430001,3280,S0435,Morgan Lancaster I LLC,Los Angeles,1.5,2015/12/19 00:00:00+00
-118.12925767,34.7083393300001,3281,S0624,US-TOPCO: Division Site 3 45404,Los Angeles,1.0,2014/06/24 00:00:00+00
-118.129383305,34.7078367880001,3282,S0625,US-TOPCO: Division Site 3 45406,Los Angeles,1.0,2014/06/24 00:00:00+00
-118.124907671,34.7014909660001,3283,S0626,US-TOPCO: Kettering Site 1,Los Angeles,1.0,2014/07/17 00:00:00+00
-118.087938945,34.66152084,3284,S0628,US-TOPCO: Soccer Center,Los Angeles,3.3,2017/08/10 00:00:00+00
-117.989612802,34.6883300590001,3285,S0666,Green Beanworks B,Los Angeles,3.0,2018/12/28 00:00:00+00
-118.081299836,34.655400689,3286,S0668,Green Beanworks D,Los Angeles,3.0,2018/08/24 00:00:00+00
-118.140164472,34.6685331850001,3287,S0670,Lancaster Solar,Los Angeles,5.5,2017/04/11 00:00:00+00
-118.07741041,34.6478470540001,3288,S0671,Oasis Solar,Riverside,13.5,2016/03/16 00:00:00+00
-118.051894803,34.6508960620001,3290,S9212,Annie Power  LLC,Los Angeles,1.5,2014/12/31 00:00:00+00
-118.060924978,34.669204246,3291,S9214,Becca Solar  LLC,Los Angeles,1.5,2014/12/31 00:00:00+00
-118.12983043,34.7026915450001,3292,S9216,Central Antelope Dry Ranch B2 LLC,Los Angeles,1.5,2014/12/31 00:00:00+00
-118.062507424,34.6962090660001,3293,S9222,Dreamer Solar  LLC,Los Angeles,1.5,2014/12/31 00:00:00+00
-118.060467627,34.647350805,3294,S9227,JRam Solar 1  LLC,Los Angeles,1.5,2014/12/31 00:00:00+00
-118.060515258,34.6490146720001,3295,S9228,JRam Solar 2  LLC,Los Angeles,1.5,2014/12/31 00:00:00+00
-118.062561914,34.649093732,3296,S9229,JRam Solar 3  LLC,Los Angeles,1.0,2014/12/31 00:00:00+00
-118.094286621,34.7150041140001,3297,S9233,Lancaster Solar 1 LLC,Los Angeles,1.5,2014/12/12 00:00:00+00
-118.103932427,34.6831746230001,3298,S9234,Lancaster Solar 2 LLC,Los Angeles,1.5,2014/12/12 00:00:00+00
-118.072421937,34.6644481230001,3299,S9235,Leolani Solar 1  LLC,Los Angeles,1.5,2014/12/31 00:00:00+00
-118.051096181,34.6546277730001,3300,S9255,Treen Solar 1  LLC,Los Angeles,1.0,2014/12/31 00:00:00+00
-118.051161547,34.6564296120001,3301,S9256,Treen Solar 2  LLC,Los Angeles,1.0,2014/12/31 00:00:00+00
-117.949774172,34.599874642,3302,S0589,Little Rock Pham Solar,Los Angeles,3.0,2016/03/22 00:00:00+00
-117.936567636,34.6134900860001,3303,S0163,SEPV 1 (Gestamp - GASNA),Los Angeles,2.0,2012/04/23 00:00:00+00
-117.941094129,34.6119879670001,3304,S0415,SEPV Palmdale East LLC,Los Angeles,10.0,2015/07/31 00:00:00+00
-117.939321554,34.6193869410001,3305,S0557,SEPV 18 - Palmdale 18,Los Angeles,1.5,2016/01/04 00:00:00+00
-117.939360082,34.6178312440001,3306,S0641,One Ten Partners,Los Angeles,2.0,2017/09/30 00:00:00+00
-117.931829183,34.5971473810001,3307,S0667,Green Beanworks C,Los Angeles,3.0,2018/08/18 00:00:00+00
-117.935266247,34.5731443990001,3308,S9236,Leolani Solar 2  LLC,Los Angeles,1.0,2014/12/31 00:00:00+00
-117.940304729,34.6027057520001,3309,S9415,Lancaster Little Rock C Solar PV,Los Angeles,5.0,2014/12/15 00:00:00+00
-117.643484953,34.6014583800001,3310,S0293,Watts,San Bernardino,3.0,2014/01/01 00:00:00+00
-117.69439961,34.5645090370001,3311,S0373,Bolthouse Farms - S&P,Kern,1.0,2008/10/30 00:00:00+00
-117.438138951,34.547904267,3312,S0218,Adelanto Solar Power Project,San Bernardino,10.0,2012/06/01 00:00:00+00
-117.456864365,34.5530584090001,3313,S9277,Industry Solar Power Generation Station 1,San Bernardino,1.5,2013/12/01 00:00:00+00
-117.490804396,34.5911678410001,3314,S9282,Toro Power 1  LLC,San Bernardino,1.5,2014/12/31 00:00:00+00
-117.490804396,34.5911678410001,3315,S9284,Toro Power 2  LLC,San Bernardino,1.0,2014/12/31 00:00:00+00
-117.342429583,34.5825232510001,3316,S0299,Expressway Solar A,San Bernardino,2.0,2014/04/30 00:00:00+00
-117.342716117,34.690750291,3317,S0333,Alamo Solar LLC,San Bernardino,20.0,2015/04/17 00:00:00+00
-117.369724842,34.5553464880001,3318,S0410,Adelanto Solar I,San Bernardino,20.0,2015/09/10 00:00:00+00
-117.376759227,34.555258386,3319,S0411,Adelanto Solar II,San Bernardino,7.0,2015/07/15 00:00:00+00
-117.341892216,34.583340547,3320,S0413,Expressway Solar B,San Bernardino,2.0,2014/05/01 00:00:00+00
-117.342543845,34.5846748810001,3321,S9276,Expressway Solar C2,San Bernardino,1.5,2014/11/01 00:00:00+00
-117.192785212,34.5507409090001,3322,S9278,Navajo Solar Power Generation Station 1,San Bernardino,1.5,2013/12/01 00:00:00+00
-117.192717864,34.544554067,3323,S9280,Otoe Solar Power Generation Station 1,San Bernardino,1.5,2013/12/01 00:00:00+00
-117.37400302,34.630305241,3327,S0725,High Desert Solar,San Bernardino,100.0,2021/12/17 00:00:00+00
-120.437252973,34.914778746,3329,S9293,Pristine Sun Fund 7 San Luis Obispo PGE LLC_(2052_Cossa),San Luis Obispo,1.5,2013/12/31 00:00:00+00
-119.597688994,34.9014358050001,3330,S0617,Cuyama Solar,Santa Barbara,43.83,2017/12/01 00:00:00+00
-118.54193515,34.836272916,3332,S0639,Gaskell West 1,Los Angeles,20.0,2018/03/23 00:00:00+00
-118.508883384,34.796175792,3333,S0237,Alpine Solar,Los Angeles,66.0,2013/01/18 00:00:00+00
-118.425550472,34.780709792,3334,S0241,Antelope Valley Solar Ranch 1,Los Angeles,250.0,2013/04/01 00:00:00+00
-118.408320094,34.824487967,3335,S0252,Solar Star I (MidAmerican),Kern,177.0,2013/10/01 00:00:00+00
-118.348944719,34.852618669,3336,S0253,Solar Star II (MidAmerican),Kern,235.0,2013/10/01 00:00:00+00
-118.346695089,34.836328371,3337,S0334,Catalina Two LLC,Kern,18.0,2015/05/20 00:00:00+00
-118.515835221,34.8305218780001,3338,S0531,Garland Solar Facility,Kern,200.0,2016/09/26 00:00:00+00
-118.456266843,34.8438320180001,3339,S0536,RE Astoria,Kern,100.0,2016/06/29 00:00:00+00
-118.469741307,34.831179924,3340,S0537,RE Astoria 2,Kern,75.0,2016/08/26 00:00:00+00
-118.444076751,34.8291001650001,3341,S0566,Kingbird Solar A,Kern,20.73,2016/04/30 00:00:00+00
-118.419080263,34.82215131,3342,S0567,Kingbird Solar B,Kern,20.73,2016/04/30 00:00:00+00
-118.39253272,34.842572487,3343,S0569,Rosamond West Solar 1 (Stanford Solar),Kern,54.0,2016/12/22 00:00:00+00
-118.440101717,34.8233687590001,3344,S0570,Rosamond West Solar 2 (TID Solar),Kern,54.0,2016/12/22 00:00:00+00
-118.331243649,34.8362193580001,3345,S0656,Willow Springs Solar,Kern,108.0,2018/12/21 00:00:00+00
-118.358695017,34.925198014,3346,S9206,Rachel Energy  LLC,Kern,1.5,2014/12/31 00:00:00+00
-118.39382418,34.847061754,3348,S0700,Rosamond Central,Kern,192.0,2020/12/22 00:00:00+00
-118.243981543,34.904228446,3349,S0287,RE Rosamond Two,Kern,20.0,2013/12/23 00:00:00+00
-118.252989694,34.904255392,3350,S0288,RE Rosamond One,Kern,20.0,2013/12/01 00:00:00+00
-118.191232571,34.778712012,3351,S0612,Lancaster WAD B,Los Angeles,3.0,2017/04/21 00:00:00+00
-118.312808649,34.7540767360001,3352,S0663,Antelope Expansion 2,Los Angeles,105.0,2018/12/24 00:00:00+00
-118.251863242,34.8715688550001,3353,S9202,Goodbar Solar 1  LLC,Kern,1.5,2014/12/31 00:00:00+00
-118.233057129,34.834364067,3354,S9203,Josh Energy  LLC,Kern,1.5,2014/12/31 00:00:00+00
-118.251870373,34.871672205,3355,S9205,MJ Power  LLC,Kern,1.5,2014/12/31 00:00:00+00
-117.339353908,34.7410107150001,3356,S9275,Cami Solar  LLC,San Bernardino,1.5,2014/12/31 00:00:00+00
-117.102378218,34.9057242710001,3357,S0545,LongBoat Solar,San Bernardino,20.0,2016/12/01 00:00:00+00
-116.831583026,34.863649321,3359,S0590,Sunray 2 (formerly SEGS I),San Bernardino,20.0,2017/05/31 00:00:00+00
-116.827854179,34.8665043610001,3360,S0591,Sunray 3 (formerly SEGS II),San Bernardino,13.8,2017/06/12 00:00:00+00
-116.684423215,34.85345835,3363,S9279,Newberry Solar 1 LLC,San Bernardino,1.5,2013/07/11 00:00:00+00
-119.327504921,35.1141877430001,3368,S0412,Maricopa West Solar PV,Kern,20.0,2015/12/30 00:00:00+00
-119.247475039,35.1241584260001,3372,S0606,Algonquin Power SKIC 10 Solar LLC,Kern,10.0,2017/01/11 00:00:00+00
-118.952082595,35.1058738510001,3373,S0308,Adobe Solar,Kern,20.0,2014/05/01 00:00:00+00
-118.94802311,34.975382257,3374,S9036,Services  Inc. #345 Ikea Distribution,Kern,1.0,2012/01/01 00:00:00+00
-118.956904582,35.1058408970001,3375,S9194,Fotowatio Renewable Ventures,Kern,12.0,2013/12/31 00:00:00+00
-118.564862117,35.117013646,3377,S0374,Soledad,Kern,1.0,2013/12/30 00:00:00+00
-118.56403549,35.115898369,3378,S0375,CA Correctional Institution - Tahachapi,Kern,0.99,2012/02/22 00:00:00+00
-118.57079809,35.118137329,3379,S0376,CA Correctional Institution II - Tehachapi,Kern,1.33,2013/06/24 00:00:00+00
-118.337937513,34.934376151,3380,S0081,Catalina Solar Phase I and II,Kern,110.0,2012/12/15 00:00:00+00
-118.163942178,35.0492337060001,3406,S0278,RE Rio Grande,Kern,5.0,2013/11/18 00:00:00+00
-118.172090555,35.0200164940001,3407,S0294,RE Columbia 3,Kern,10.0,2013/12/01 00:00:00+00
-118.182327349,35.014158949,3408,S0313,Camelot  LLC,Kern,45.0,2014/11/26 00:00:00+00
-118.183612627,35.0196082200001,3409,S0314,Columbia Two  LLC,Kern,15.0,2014/11/26 00:00:00+00
-118.278226586,35.02441951,3410,S0550,SEPV Mojave West,Kern,20.0,2015/06/15 00:00:00+00
-118.324296773,34.987933437,3441,S0714,Valentine Solar,Kern,100.0,2019/12/01 00:00:00+00
-117.337778001,35.033475568,3451,S0073,SEGS IX,San Bernardino,92.0,1990/10/11 00:00:00+00
-117.31033789,35.007260015,3453,S0104,Mojave Solar Project,San Bernardino,250.0,2014/12/04 00:00:00+00
-120.722953089,35.3212968080001,3455,S9077,California National Guard,San Luis Obispo,1.0,2012/01/01 00:00:00+00
-120.623303724,35.1775192150001,3456,S9129,Stocker Resources/ Plains Exploration & Production Company,San Luis Obispo,1.4,2012/01/01 00:00:00+00
-119.596147078,35.237293761,3470,S9416,Pumpjack Solar 1 PV,Kern,20.0,2014/12/23 00:00:00+00
-119.387245524,35.2110390890001,3471,S0551,Castor Solar Project,Kern,1.5,2016/04/02 00:00:00+00
-119.303591239,35.3028446020001,3472,S9067,Inergy Propoane LLC,Kern,1.0,2012/01/01 00:00:00+00
-119.425009093,35.1490758100001,3473,S9195,Ignite Solar LLC_(Alkali Gardner A),Kern,1.5,2013/12/31 00:00:00+00
-119.238469546,35.130240169,3474,S0525,Algonquin Power SKIC 20 Solar LLC,Kern,20.0,2015/05/15 00:00:00+00
-119.249613084,35.1282807760001,3475,S9208,South Kern Solar 1 (1) (SKIC 2012 PV RFO - 1),Kern,10.0,2016/12/31 00:00:00+00
-119.08512758,35.220557435,3480,S0316,Old River One LLC,Kern,20.0,2014/12/17 00:00:00+00
-118.988452706,35.3149542090001,3481,S9193,KDW Solar 1  LLC  (KDW Solar 1 ),Kern,1.5,2012/12/31 00:00:00+00
-118.929075446,35.2828450740001,3482,S9199,KDW Solar 2  LLC,Kern,1.5,2013/12/31 00:00:00+00
-118.888702023,35.1453629960001,3483,S0306,Orion 1 Solar,Kern,12.0,2014/04/01 00:00:00+00
-118.847535082,35.3075945410001,3484,S0321,Regulus Solar,Kern,60.0,2014/10/31 00:00:00+00
-118.809412764,35.3155460460001,3485,S0431,Redcrest Solar Farm,Kern,16.66,2015/08/01 00:00:00+00
-118.816975406,35.317614496,3486,S9080,Vaquero Energy Inc.,Kern,1.0,2012/01/01 00:00:00+00
-118.869965346,35.245640108,3487,S9087,Grimmway Enterprises  Inc.,Kern,1.0,2012/01/01 00:00:00+00
-118.869980917,35.247199998,3488,S9088,Grimmway Enterprises  Inc.,Kern,1.0,2012/01/01 00:00:00+00
-118.859404873,35.2612059410001,3489,S9091,Grimmway Enterprises Inc.,Kern,1.0,2012/01/01 00:00:00+00
-118.875580528,35.303728124,3490,S9204,Kern River (Bena B),Kern,1.5,2014/12/31 00:00:00+00
-118.194258464,35.229303773,3491,S9160,Pine Tree Solar Project,Kern,8.5,2013/03/15 00:00:00+00
-118.014431746,35.2694389970001,3494,S0587,Beacon Solar 1,Kern,56.0,2017/04/28 00:00:00+00
-118.068716544,35.2053260430001,3495,S0530,RE Barren Ridge 1,Kern,60.0,2016/04/19 00:00:00+00
-118.026695295,35.252010985,3496,S0554,Beacon 3,Kern,60.0,2016/12/30 00:00:00+00
-118.036113006,35.2478856390001,3497,S0555,Beacon 4,Kern,50.0,2016/12/05 00:00:00+00
-117.959979527,35.2506841480001,3498,S0603,Springbok Solar Farm 1,Kern,105.0,2016/04/11 00:00:00+00
-117.9830641,35.250214649,3499,S0604,Springbok Solar Farm 2,Kern,155.0,2016/09/06 00:00:00+00
-118.036314006,35.2547736940001,3500,S0637,Beacon 2,Kern,45.0,2017/12/29 00:00:00+00
-118.037380347,35.253508734,3501,S0638,Beacon 5,Kern,36.0,2017/12/29 00:00:00+00
-117.959868562,35.243269061,3502,S0690,Springbok 3,Kern,119.6,2019/07/19 00:00:00+00
-120.856920856,35.381918619,3504,S9297,Pristine Sun Fund 7 San Luis Obispo PGE LLC_(2103_Hill),San Luis Obispo,0.75,2013/12/31 00:00:00+00
-120.499092428,35.480449526,3506,S9296,Pristine Sun Fund 1  LLC_(2059_Scherz),San Luis Obispo,0.75,2013/12/31 00:00:00+00
-120.061929584,35.376170255,3507,S0245,Topaz Solar Farms LLC,San Luis Obispo,550.0,2013/09/01 00:00:00+00
-119.925272401,35.3437772680001,3508,S0240,California Valley Solar Ranch,San Luis Obispo,250.0,2012/09/15 00:00:00+00
-119.62690131,35.4165481650001,3512,S0547,Rio Bravo Solar II (PMPJCK),Kern,20.0,2016/12/29 00:00:00+00
-119.63851705,35.41623292,3513,S0565,Rio Bravo Solar I LLC (Pumpjack Solar2),Kern,20.0,2016/12/21 00:00:00+00
-119.126866276,35.4504790500001,3516,S0330,Shafter Solar LLC,Kern,20.0,2015/06/03 00:00:00+00
-119.104013249,35.3466474580001,3517,S9027,CSU Bakersfield,Kern,1.0,2012/01/01 00:00:00+00
-118.993147063,35.329978372,3523,S0642,Bakersfield Industrial 1,Kern,1.0,2017/12/27 00:00:00+00
-118.978463815,35.3264900710001,3524,S0643,Bakersfield Solar 1,San Joaquin,5.3,2017/12/26 00:00:00+00
-118.968904082,35.4117013200001,3525,S9045,College District Kern Community,Kern,1.0,2012/01/01 00:00:00+00
-119.014767002,35.371523703,3526,S9079,County of Kern,Kern,1.0,2012/01/01 00:00:00+00
-119.039297734,35.4029416440001,3527,S9106,Kern County Water Agency,Kern,1.1,2012/01/01 00:00:00+00
-119.038043013,35.403032792,3528,S9152,Kern County Water Agency,Kern,4.1,2012/01/01 00:00:00+00
-119.073860699,35.4059727110001,3529,S9209,Tehachapi (Oswell B),Kern,1.5,2014/12/31 00:00:00+00
-118.877110644,35.327311964,3544,S0427,Hayworth Solar Farm,Kern,26.66,2015/11/01 00:00:00+00
-118.823938974,35.3235155260001,3545,S0445,Woodmere Solar Farm,Kern,14.99,2015/12/22 00:00:00+00
-118.812620209,35.323723774,3546,S0652,Redwood Solar Farm 4,Kern,20.0,2018/01/06 00:00:00+00
-118.745875619,35.3273410370001,3547,S9200,Agua Caliente (Bena A),Kern,1.5,2014/12/31 00:00:00+00
-120.681375155,35.55777117,3549,S9292,Ecos Energy   LLC_(Vintner Solar Project),San Luis Obispo,1.5,2014/03/05 00:00:00+00
-120.684746017,35.6142327630001,3550,S9295,Pristine Sun Fund 7 San Luis Obispo PGE LLC_(2163_Bray),San Luis Obispo,1.0,2013/12/31 00:00:00+00
-120.645771862,35.6915712810001,3551,S9298,Pristine Sun Fund 7 San Luis Obispo PGE LLC_(2050_Gomez),San Luis Obispo,0.5,2013/12/31 00:00:00+00
-120.568112799,35.6712046430001,3552,S0162,Meridian (Paso Robles Solar  LLC),San Luis Obispo,1.14,2010/11/29 00:00:00+00
-120.596180484,35.656332816,3553,S9294,Pristine Sun Fund 1  LLC_(2056_Jardine),San Luis Obispo,1.0,2013/12/31 00:00:00+00
-120.343855771,35.683585803,3554,S0689,California Flats 150,San Luis Obispo,150.0,2019/03/05 00:00:00+00
-119.857302989,35.616832855,3555,S0339,Blackwell Solar,Kern,12.0,2015/04/17 00:00:00+00
-119.85576234,35.625538292,3556,S0340,Lost Hills Solar,Kern,21.28,2015/04/17 00:00:00+00
-119.891580074,35.6542155600001,3557,S9011,Paramount Farms Inc.,Kern,1.0,2012/01/01 00:00:00+00
-119.844953453,35.610009759,3558,S0688,"CED Lost Hills Solar, LLC",Kern,20.0,2019/02/05 00:00:00+00
-119.716082255,35.6474999070001,3559,S9177,"Nickel 1 (""NLH1"")",Kern,1.5,2013/03/01 00:00:00+00
-119.70232357,35.6076359090001,3561,S0718,Chevron - Lost Hills Hybrid,Kern,29.75,2020/04/16 00:00:00+00
-119.568725845,35.618822998,3562,S0327,Wildwood Solar I,Kern,20.0,2015/02/18 00:00:00+00
-119.57593858,35.5919091280001,3563,S0331,Cottonwood Goose Lake LLC,Kern,12.0,2015/04/28 00:00:00+00
-119.577858207,35.6324636850001,3564,S0546,Wildwood Solar II,Kern,15.0,2017/01/11 00:00:00+00
-119.437847538,35.56830655,3567,S9044,Primex Farms LLC,Kern,1.0,2012/01/01 00:00:00+00
-119.406569214,35.5906114210001,3568,S9165,CA Dept of Correctionns WASCO (WSP),Kern,2.0,2013/01/01 00:00:00+00
-119.359522275,35.5237307250001,3569,S9198,Ignite Solar LLC_(Merced Ave C),Kern,1.5,2013/12/31 00:00:00+00
-119.450316684,35.5568939250001,3570,S9207,Sequoia (Bena C),Kern,1.5,2014/12/31 00:00:00+00
-119.14914371,35.5471508110001,3571,S9196,Ignite Solar LLC_(Merced Ave A),Kern,1.5,2013/12/31 00:00:00+00
-119.149803666,35.5471431400001,3572,S9197,Ignite Solar LLC_(Merced Ave B),Kern,1.5,2013/12/31 00:00:00+00
-117.654373869,35.6352686380001,3578,S0297,Naval Air Weapons Station China Lake,Kern,13.78,2012/09/17 00:00:00+00
-115.451703031,35.535437519,3579,S0078,Ivanpah I (Solar Partners II),San Bernardino,126.0,2013/12/30 00:00:00+00
-115.482945192,35.57551597,3580,S0079,Ivanpah II (Solar Partners I),San Bernardino,133.0,2013/12/31 00:00:00+00
-115.470211035,35.5568825300001,3581,S0080,Ivanpah III (Solar Partners VIII),San Bernardino,133.0,2013/12/31 00:00:00+00
-115.349814155,35.6241707930001,3582,S0436,Silver State Power South (NV),Clark,250.0,2015/10/01 00:00:00+00
-115.426955992,35.591157191,3583,S0457,Desert Stateline Solar Facility,San Bernardino,299.99,2015/12/10 00:00:00+00
-120.696895423,35.762443782,3585,S9054,San Miguel Winery,San Luis Obispo,1.0,2012/01/01 00:00:00+00
-120.734592953,35.795266871,3586,S9299,Pristine Sun Fund 7 San Luis Obispo PGE LLC_(2053_Pisciotta),San Luis Obispo,0.25,2013/12/31 00:00:00+00
-120.338440098,35.8740900760001,3587,S0636,California Flats North,Monterey,130.0,2017/11/29 00:00:00+00
-119.906096865,35.7287587640001,3588,S0434,Coronal Lost Hills Solar,Kern,20.0,2015/05/18 00:00:00+00
-119.820654362,35.7364415380001,3589,S0404,Morelos Solar Facility,Kern,15.0,2015/12/02 00:00:00+00
-119.439413157,35.8951299840001,3591,S0246,Alpaugh 50  LLC,Tulare,50.0,2013/03/01 00:00:00+00
-119.437353631,35.9019700000001,3592,S0247,Alpaugh North  LLC,Tulare,20.0,2013/02/20 00:00:00+00
-119.462152191,35.8747768310001,3593,S0320,White River Solar 2  LLC (White River West),Tulare,19.8,2014/09/17 00:00:00+00
-119.452756788,35.8785907500001,3594,S0323,Atwell Island PV Solar Generating Facility,Tulare,20.0,2013/03/01 00:00:00+00
-119.459697401,35.8154683930001,3595,S0336,Atwell Island West LLC CED,Tulare,19.8,2015/06/25 00:00:00+00
-119.308987074,35.777487964,3596,S0359,North Kern State Prison II,Kern,4.0,2012/09/28 00:00:00+00
-119.226519554,35.7755860190001,3597,S0358,North Kern State Prison,Kern,0.99,2011/12/22 00:00:00+00
-119.244559193,35.739120057,3598,S0648,Delano Land 1,Kern,1.0,2017/12/28 00:00:00+00
-119.06839967,35.8562707240001,3600,S0579,Ducor Solar 1,Tulare,20.0,2016/11/30 00:00:00+00
-119.067890289,35.845723461,3601,S0580,Ducor Solar 2,Tulare,20.0,2016/11/30 00:00:00+00
-119.056979763,35.8453727890001,3602,S0581,Ducor Solar 3,Tulare,15.0,2016/12/01 00:00:00+00
-119.026979235,35.850398193,3603,S0582,Ducor Solar 4,Tulare,20.0,2016/12/01 00:00:00+00
-119.049325969,35.8312036570001,3604,S0538,Nicolis,Tulare,20.0,2016/09/15 00:00:00+00
-119.037452697,35.8240578200001,3605,S0539,Tropico,Tulare,14.0,2016/09/14 00:00:00+00
-114.992740865,35.7818219230001,3612,S0243,Copper Mountain I (NV),Clark,58.0,2012/06/28 00:00:00+00
-114.976500109,35.801603093,3613,S0244,Copper Mountain II (NV),Clark,94.5,2012/06/28 00:00:00+00
-114.95790023,35.8894137390001,3614,S0295,Copper Mountain III (NV),Clark,255.0,2014/05/12 00:00:00+00
-114.967187363,35.802610767,3615,S0540,Copper Mountain Solar 4 (NV),Clark,93.6,2016/10/01 00:00:00+00
-121.233226082,35.9982099100001,3616,S9161,Fort Hunter Liggett Dept of Army,Monterey,2.0,2013/01/01 00:00:00+00
-120.151357194,35.9958482760001,3620,S0585,CED Avenal LLC,Kings,15.0,2017/01/26 00:00:00+00
-120.105278871,35.991564742,3621,S0126,Avenal Park Solar,Kings,6.0,2011/08/05 00:00:00+00
-120.102850359,35.9848676980001,3622,S0127,Sun City,Kings,20.0,2010/12/31 00:00:00+00
-120.101198644,35.980673853,3623,S0131,Sand Drag,Kings,19.0,2010/12/31 00:00:00+00
-119.960720378,36.0063272100001,3624,S0301,Kettleman Solar,Kings,1.0,2014/03/01 00:00:00+00
-119.947830782,36.0543820230001,3625,S0424,EE Kettleman Solar 1,Kings,20.0,2015/07/01 00:00:00+00
-119.554821892,36.0643846950001,3626,S9166,CA Dept of Correctionns Corcoran,Kings,3.0,2013/01/01 00:00:00+00
-119.428116542,35.9093960110001,3628,S0248,White River Solar  LLC CED,Tulare,20.0,2013/06/21 00:00:00+00
-119.073898765,36.0285849260001,3630,S0201,SPVP042 Porterville (Vestal),Tulare,6.77,2010/12/28 00:00:00+00
-120.24999112,36.1260693930001,3638,S0349,Pleasant Valley State Prison,Fresno,1.22,2014/07/22 00:00:00+00
-120.243554503,36.1262128340001,3639,S0350,Coalinga State Hospital,Fresno,2.0,2014/07/22 00:00:00+00
-120.142380067,36.128838397,3644,S0177,Huron Solar Station,Fresno,20.0,2012/06/27 00:00:00+00
-120.132883588,36.1433717580001,3645,S0223,West Gates Solar Station,Fresno,10.0,2013/06/24 00:00:00+00
-120.111738964,36.1789162210001,3646,S0224,Gates Solar Station,Fresno,20.0,2013/06/24 00:00:00+00
-120.155406501,36.184871233,3647,S9053,Los Gatos Tomato Products,Fresno,1.0,2012/01/01 00:00:00+00
-120.075302453,36.1390010630001,3648,S9192,Westlands Solar Farms,Fresno,18.0,2014/02/14 00:00:00+00
-119.904142251,36.256112344,3649,S0307,Orion 2 Solar,Kings,8.0,2014/06/01 00:00:00+00
-119.909719188,36.2238900250001,3650,S0315,Kent South  LLC,Kings,20.0,2014/12/01 00:00:00+00
-119.918468741,36.244717521,3651,S0533,RE Mustang,Kings,30.0,2016/05/12 00:00:00+00
-119.919650381,36.2391480810001,3652,S0534,RE Mustang 3,Kings,40.0,2016/03/01 00:00:00+00
-119.910641973,36.2375795730001,3653,S0535,RE Mustang 4,Kings,30.0,2016/03/31 00:00:00+00
-119.907271821,36.2172372970001,3654,S0544,Westside PV Solar,Kern,2.0,2016/05/06 00:00:00+00
-119.907436207,36.2242586400001,3656,S0702,American Kings,Kings,123.0,2020/12/12 00:00:00+00
-119.922149217,36.1905217780001,3657,S0721,Aquamarine Westside,Kings,250.0,2021/09/22 00:00:00+00
-119.957421647,36.1818530240001,3658,S0724,RE Slate 1,Kings,300.0,2021/11/12 00:00:00+00
-119.830109617,36.223587778,3659,S0260,Kansas South,Kings,20.0,2013/06/25 00:00:00+00
-119.830923334,36.2448475830001,3660,S0319,Kansas LLC,Kings,20.0,2014/11/20 00:00:00+00
-119.804312519,36.2207907800001,3661,S0532,Henrietta Solar Facility,Kings,100.0,2016/07/15 00:00:00+00
-119.797335626,36.257770092,3662,S0571,Lemoore PV 1 LLC,Kings,1.5,2016/01/29 00:00:00+00
-119.650474984,36.1642757980001,3663,S0225,Guernsey Solar Station,Kings,20.0,2013/09/18 00:00:00+00
-119.573727541,36.142171337,3664,S0249,Corcoran LLC CED,Kings,20.0,2013/08/13 00:00:00+00
-119.581391636,36.1413261020001,3665,S0317,Corcoran Irrigation District Solar  LLC,Kings,20.0,2014/12/22 00:00:00+00
-119.553034825,36.1370249340001,3666,S0332,Cottonwood City of Corcoran LLC,Kings,11.0,2015/04/23 00:00:00+00
